Workbook

Sheet Site summary sheet
A1: Site ID | B1: Date | C1: GPS N | D1: GPSE | E1: Salmon | F1: AWC? | G1: Comments
A2: V01 | B2: 40722 | E2: n | F2: N | G2: No discharge measurement taken, no GPS coordinates on data sheets
A3: V02 | B3: 40723 | C3: 6620600 | D3: 574374 | E3: y | G3: No densiometer
A4: V03 | B4: 40729 | C4: 6619804 | D4: 573199 | E4: y | G4: No densiometer
A5: V04 | B5: 40730 | C5: 6621345 | D5: 576660 | E5: y | G5: No densiometer
A6: V05 | B6: 40731 | C6: 6624361 | D6: 572317 | E6: y | G6: No densiometer
A7: V06 | B7: 40735 | C7: 6630021 | D7: 583463 | E7: n | F7: N | G7: No densiometer
A8: V07 | B8: 40735 | C8: 6632556 | D8: 578209 | E8: n | G8: Didn't finish form 4
A9: V08 | B9: * | F9: N | G9: No water
A10: V09 | B10: 40736 | C10: 6639833 | D10: 571761 | E10: y | F10: N | G10: 2.5 hour travel time + 0.5 hour hike in, no GPS coordinates on data sheet, need from GPS unit_data from Google Earth and site maps, nominated for AWC
A11: V10 | B11: * | F11: N | G11: Must have permission from landowner for access, even then it will be challenging
A12: V11 | B12: * | G12: Not accessible, locked gate
A13: V12 | B13: 40738 | E13: n | F13: N | G13: No YSI or GPS coords
A14: V13 | B14: 40739 | C14: 6658334 | D14: 596086 | E14: n | F14: N | G14: No fish
A15: V14 | B15: * | F15: N | G15: Difficult access, must cross mainstem Deep Creek, steep slope
A16: V15 | B16: * | F16: N | G16: No water, Pam's 31 July email reports this site as sampled, no data sheets
A17: V16 | B17: 40745 | C17: 6632183 | D17: 578815 | E17: n | F17: N
A18: V17 | B18: 40743 | C18: 6624177 | D18: 595824 | E18: y | F18: N | G18: easy access, coho found, nominated for AWC
A19: V18 | B19: 40750 | C19: 6624259 | D19: 596179 | E19: n | F19: N | G19: No GPS point at G, batteries died
A20: V19 | B20: 40746 | C20: 6639411 | D20: 580932 | E20: n | F20: N
A21: V20 | B21: * | G21: Thick willow, could not shock (Pam's email 31 July)
A22: V21 | B22: 40752 | C22: 6641216 | D22: 579857 | E22: y | F22: N | G22: nominated for AWC
A23: V22 | B23: * | F23: N | G23: Attempted on 8/23, site is on hillside, no water. Creek below is heavily brushed, not shock-able
A24: V23 | B24: 40751 | C24: 6635803 | D24: 576873 | E24: n | F24: N
A25: V24 | B25: 40771 | C25: 6621652 | D25: 582745 | E25: y | F25: N | G25: Juvenile CO present, no fish photos, TDN sampled, nominated for AWC
A26: V25 | B26: 40764 | C26: 6644473 | D26: 590649 | E26: n | F26: N
A27: V26 | B27: 40767 | C27: 6649246 | D27: 579591 | E27: n | F27: N | G27: Wheeler access site
A28: V27 | B28: * | F28: N | G28: Too brushy, not fishable (Pam's email 31 Jul)
A29: V28 | B29: 40736 | C29: 6651082 | D29: 599065 | E29: n | F29: N
A30: V29 | B30: * | F30: N | G30: Attempted 8/23, not fishable, thick willow/veg
A31: V30 | B31: 40768 | C31: 6649105 | D31: 581132 | E31: n | F31: N | G31: Wheeler access site, no fish found
A32: V31 | B32: * | F32: N | G32: Not enough flow, marsh
A33: V32 | B33: * | G33: No road
A34: V33 | F34: N | G34: Moved site
A35: V34 | B35: * | F35: N | G35: Access appears off Skyline, not attempted, need imagery
A36: V35 | B36: * | F36: N | G36: Not enough water/flow to sample
A37: V36 | B37: * | F37: N | G37: attempted 8/17, too much willow to sample stream
A38: V37 | B38: * | F38: N | G38: Moved site
A39: V38 | B39: * | F39: N | G39: No road
A40: V39 | B40: * | G40: No road
A41: V40 | B41: * | F41: N | G41: Bridge is out over Ninilchik river -steep/deep banks, cannot cross by 4 wheeler
A42: V41 | B42: 40756 | C42: 663137 | D42: 569717 | E42: y | F42: N | G42: nominated for AWC
A43: V42 | B43: 40773 | C43: 6660287 | D43: 596060 | E43: n | F43: N | G43: Wheeler access only, very marshy, 5 mi wheeler+25 mi dirt road from Ninilchik =very long day trip
A44: V43 | B44: 40773 | C44: 6630697 | D44: 567558 | E44: y | F44: N | G44: CK and CO, YSI batteries died, nominated for AWC

Sheet Form1_Site
D1: GPS | I1: Weather Conditions | N1: IN-SITU Measurements
A2: Site ID | B2: Shed code | C2: Date | D2: Tran A | F2: Tran G | H2: Samplers initials | I2: Cloud Cover | J2: Precip | K2: 24 hr Precip | L2: Air Temp C | M2: Time HH:MM | N2: Water Temp C | O2: SpCond (uS/cm) | P2: DO (mg/L) | Q2: DO (% sat) | R2: Ph
A3: ='Site summary sheet'!A2 -> V01 | B3: SANC | C3: ='Site summary sheet'!B2 -> 40722 | D3: ='Site summary sheet'!C2 -> 0 | E3: ='Site summary sheet'!D2 -> 0 | H3: CW, JM,SH,PK, KB, TN | I3: >75 | J3: LIGHT | K3: Light | M3: 0.43680556 | N3: 5.6 | O3: 38.5
A4: ='Site summary sheet'!A3 -> V02 | B4: SANC | C4: ='Site summary sheet'!B3 -> 40723 | D4: ='Site summary sheet'!C3 -> 6620600 | E4: ='Site summary sheet'!D3 -> 574374 | F4: 6620068 | G4: 574453 | H4: JM, CW, KB | I4: >75 | J4: None | K4: Mod | M4: 0.41666667 | N4: 6.06 | O4: 64 | P4: 13.3 | Q4: 106.9 | R4: 7.11
A5: ='Site summary sheet'!A4 -> V03 | B5: SANC | C5: ='Site summary sheet'!B4 -> 40729 | D5: ='Site summary sheet'!C4 -> 6619804 | E5: ='Site summary sheet'!D4 -> 573199 | F5: 6619712 | G5: 573254 | H5: SB, MC | I5: <5 | J5: None | K5: Light | M5: 0.39375 | N5: 4.9 | O5: 58 | P5: 12.69 | Q5: 99.4 | S5: GPS WAS SET TO DMS NAD 27
A6: ='Site summary sheet'!A5 -> V04 | B6: SANC | C6: ='Site summary sheet'!B5 -> 40730 | D6: ='Site summary sheet'!C5 -> 6621345 | E6: ='Site summary sheet'!D5 -> 576660 | F6: 6621454 | G6: 576665 | H6: DB, MC, JM | I6: >75 | J6: None | K6: None | M6: 0.40069444 | N6: 5.1 | O6: 64.2 | P6: 12.53 | Q6: 98.5
A7: ='Site summary sheet'!A6 -> V05 | B7: NANC | C7: ='Site summary sheet'!B6 -> 40731 | D7: ='Site summary sheet'!C6 -> 6624361 | E7: ='Site summary sheet'!D6 -> 572317 | F7: 6624419 | G7: 572281 | H7: KB, JS, PK | I7: 50-75% | J7: None | K7: None | M7: 0.42361111 | N7: 7.01 | O7: 69 | P7: 13.68 | Q7: 113 | R7: 7.55
A8: ='Site summary sheet'!A7 -> V06 | B8: NANC | C8: ='Site summary sheet'!B7 -> 40735 | D8: ='Site summary sheet'!C7 -> 6630021 | E8: ='Site summary sheet'!D7 -> 583463 | F8: 6630075 | G8: 583540 | H8: DH, MG,JM | I8: >75 | J8: None | K8: Light | M8: 0.43541667 | N8: 6.12 | O8: 59 | P8: 14.38 | Q8: 116.4 | R8: 7.5
A9: ='Site summary sheet'!A8 -> V07 | B9: NANC | C9: ='Site summary sheet'!B8 -> 40735 | D9: ='Site summary sheet'!C8 -> 6632556 | E9: ='Site summary sheet'!D8 -> 578209 | F9: 6632644 | G9: 578194 | H9: PK, JS, KB | I9: >75 | J9: None | K9: None | M9: 0.38541667 | N9: 7.9 | O9: 52.8 | P9: 10.88 | Q9: 93.1
A10: ='Site summary sheet'!A10 -> V09 | B10: STAR | C10: ='Site summary sheet'!B10 -> 40736 | D10: ='Site summary sheet'!C10 -> 6639833 | E10: ='Site summary sheet'!D10 -> 571761 | H10: DH,PK, JS | I10: >75 | J10: LIGHT | K10: Light | L10: 13.21 | N10: 6.53 | O10: 73 | P10: 12.47 | Q10: 101.5 | R10: 7.05
A11: ='Site summary sheet'!A13 -> V12 | B11: DEEP | C11: ='Site summary sheet'!B13 -> 40738 | D11: ='Site summary sheet'!C13 -> 0 | E11: ='Site summary sheet'!D13 -> 0 | H11: DH,PK, JS, JM | I11: 5-25% | J11: None | K11: Light | M11: 0.38541667 | N11: 9.87 | O11: 61 | P11: 10.97 | Q11: 96.4 | R11: 7.54
A12: ='Site summary sheet'!A14 -> V13 | B12: DEEP | C12: ='Site summary sheet'!B14 -> 40739 | D12: ='Site summary sheet'!C14 -> 6658334 | E12: ='Site summary sheet'!D14 -> 596086 | F12: 6658250 | G12: 596088 | H12: DH, PK, JS | I12: <5 | J12: None | K12: None | M12: 0.39583333 | N12: 5.18 | O12: 53 | P12: 12.61 | Q12: 99.3 | R12: 7.44
A13: ='Site summary sheet'!A17 -> V16 | B13: NANC | C13: ='Site summary sheet'!B17 -> 40745 | D13: ='Site summary sheet'!C17 -> 6632183 | E13: ='Site summary sheet'!D17 -> 578815 | F13: 6632149 | G13: 578879 | H13: PK, DH, MC | I13: >75 | J13: Mod | K13: Light | M13: 0.375 | N13: 6.77 | O13: 86 | P13: 11.06 | Q13: 90.6 | R13: 7.69
A14: ='Site summary sheet'!A18 -> V17 | B14: SANC | C14: ='Site summary sheet'!B18 -> 40743 | D14: ='Site summary sheet'!C18 -> 6624177 | E14: ='Site summary sheet'!D18 -> 595824 | H14: TN, JS, MM | I14: <5 | J14: None | K14: None | L14: 11.8 | M14: 0.38680556 | N14: 6.85 | O14: 51 | P14: 11.21 | Q14: 91 | R14: 7.4
A15: ='Site summary sheet'!A19 -> V18 | B15: SANC | C15: ='Site summary sheet'!B19 -> 40750 | D15: ='Site summary sheet'!C19 -> 6624259 | E15: ='Site summary sheet'!D19 -> 596179 | H15: PK, JS, DH | I15: 50-75% | J15: NONE | K15: NONE | M15: 0.41666667 | N15: 6.83 | O15: 56 | P15: 10.04 | Q15: 82.7 | R15: 6.99
A16: ='Site summary sheet'!A20 -> V19 | B16: NANC | C16: ='Site summary sheet'!B20 -> 40746 | D16: ='Site summary sheet'!C20 -> 6639411 | E16: ='Site summary sheet'!D20 -> 580932 | H16: DH, PK, JS | I16: 5-25% | J16: None | K16: Light | M16: 0.39583333 | N16: 6.63 | O16: 60 | P16: 11.17 | Q16: 91.1 | R16: 7.44 | S16: TEMP LOGGER DEPLOYED UNDER BRIDGE, LEFT BAND, RIGHT SID OF BRIDGE DRIVING IN RIGHT
A17: ='Site summary sheet'!A22 -> V21 | B17: NANC | C17: ='Site summary sheet'!B22 -> 40752 | D17: ='Site summary sheet'!C22 -> 6641216 | E17: ='Site summary sheet'!D22 -> 579857 | F17: 6641174 | G17: 579948 | H17: JS, PK, DH | I17: <5 | J17: None | K17: Light | M17: 0.40833333 | N17: 6.55 | O17: 68 | P17: 11.26 | Q17: 92.3 | R17: 7.45
A18: ='Site summary sheet'!A24 -> V23 | B18: NANC | C18: ='Site summary sheet'!B24 -> 40751 | D18: ='Site summary sheet'!C24 -> 6635803 | E18: ='Site summary sheet'!D24 -> 576873 | F18: 6635729 | G18: 576983 | H18: PK, DH, JS | I18: <75 | J18: LIGHT | K18: Mod | M18: 0.39583333 | N18: 5.91 | O18: 70 | P18: 11.44 | Q18: 91.8 | R18: 7.4
A19: ='Site summary sheet'!A25 -> V24 | B19: SANC | C19: ='Site summary sheet'!B25 -> 40771 | D19: ='Site summary sheet'!C25 -> 6621652 | E19: ='Site summary sheet'!D25 -> 582745 | F19: 6621652 | G19: 582819 | H19: TN, JM | I19: 5-25% | J19: None | K19: None | M19: 0.45416667 | N19: 5.7 | O19: 44.5 | P19: 11.89 | Q19: 96.6
A20: ='Site summary sheet'!A26 -> V25 | B20: DEEP | C20: ='Site summary sheet'!B26 -> 40764 | D20: ='Site summary sheet'!C26 -> 6644473 | E20: ='Site summary sheet'!D26 -> 590649 | F20: 6644583 | G20: 590678 | H20: JS, JM | I20: 25-50% | J20: None | K20: Mod | M20: 0.44027778 | N20: 6.9 | O20: 17.8 | P20: 11.79 | Q20: 99.7
A21: ='Site summary sheet'!A27 -> V26 | B21: DEEP | C21: ='Site summary sheet'!B27 -> 40767 | D21: ='Site summary sheet'!C27 -> 6649246 | E21: ='Site summary sheet'!D27 -> 579591 | F21: 6649104 | G21: 581133 | H21: TN, CW, JM | I21: 5-25% | J21: None | K21: None | M21: 0.48680556 | N21: 6.1 | O21: 41.3 | P21: 12.17 | Q21: 98.8
A22: ='Site summary sheet'!A29 -> V28 | B22: DEEP | C22: ='Site summary sheet'!B29 -> 40736 | D22: ='Site summary sheet'!C29 -> 6651082 | E22: ='Site summary sheet'!D29 -> 599065 | F22: 6651019 | G22: 598985 | H22: CW, KB,JM | I22: >75 | J22: LIGHT | K22: Light | M22: 0.43958333 | N22: 5.5 | O22: 45.5 | P22: 11.88 | Q22: 97.5
A23: ='Site summary sheet'!A31 -> V30 | B23: DEEP | C23: ='Site summary sheet'!B31 -> 40768 | D23: ='Site summary sheet'!C31 -> 6649105 | E23: ='Site summary sheet'!D31 -> 581132 | F23: 6649031 | G23: 581149 | H23: TN, JS, JM | I23: 5-25% | J23: None | K23: None | M23: 0.60416667 | N23: 7.9 | O23: 41.7 | P23: 9.97 | Q23: 84.1
A24: ='Site summary sheet'!A42 -> V41 | B24: NANC | C24: ='Site summary sheet'!B42 -> 40756 | D24: ='Site summary sheet'!C42 -> 663137 | E24: ='Site summary sheet'!D42 -> 569717 | F24: 6631225 | G24: 569801 | H24: PK, DH, JS | I24: >75 | J24: None | K24: Light | M24: 0.35416667 | N24: 8.3 | O24: 68 | P24: 10.21 | Q24: 86.8 | R24: 7.19
A25: ='Site summary sheet'!A43 -> V42 | B25: NINI | C25: 40779 | D25: ='Site summary sheet'!C43 -> 6660287 | E25: ='Site summary sheet'!D43 -> 596060 | H25: JF, TN, JK | I25: >75 | J25: None | K25: Mod | N25: 6 | O25: 54.2 | P25: 11.67 | Q25: 96.8 | R25: na
A26: ='Site summary sheet'!A44 -> V43 | B26: NANC | C26: ='Site summary sheet'!B44 -> 40773 | D26: ='Site summary sheet'!C44 -> 6630697 | E26: ='Site summary sheet'!D44 -> 567558 | F26: 663063 | G26: 567474 | H26: TN, JS, JK | I26: >75 | J26: Mod | K26: None | M26: 0.45

Sheet Form2_Fish
A1: Site ID | B1: Date | C1: Samplers initials | D1: Reach | E1: Pass | F1: Species | G1: Length (mm) | H1: Weight (g) | I1: Efisher info | J1: Comment
A2: V43 | B2: 40773 | C2: TN, JS, JK | D2: 0-50 | E2: 1 | F2: CO | G2: 109 | H2: 13 | I2: 255V, 12%, 30Hz
A3: V43 | B3: 40773 | C3: TN, JS, JK | D3: 0-50 | E3: 1 | F3: CO | G3: 47 | H3: 0.8 | I3: 255V, 12%, 30Hz
A4: V43 | B4: 40773 | C4: TN, JS, JK | D4: 0-50 | E4: 1 | F4: CO | G4: 43 | H4: 0.6 | I4: 255V, 12%, 30Hz
A5: V43 | B5: 40773 | C5: TN, JS, JK | D5: 0-50 | E5: 1 | F5: CO | G5: 54 | H5: 1.5 | I5: 255V, 12%, 30Hz
A6: V43 | B6: 40773 | C6: TN, JS, JK | D6: 0-50 | E6: 1 | F6: CO | G6: 46 | H6: 0.5 | I6: 255V, 12%, 30Hz
A7: V43 | B7: 40773 | C7: TN, JS, JK | D7: 0-50 | E7: 1 | F7: CO | G7: 44 | H7: 8 | I7: 255V, 12%, 30Hz
A8: V43 | B8: 40773 | C8: TN, JS, JK | D8: 0-50 | E8: 1 | F8: CO | G8: 36 | H8: 0.3 | I8: 255V, 12%, 30Hz
A9: V43 | B9: 40773 | C9: TN, JS, JK | D9: 0-50 | E9: 1 | F9: CO | G9: 48 | H9: 1 | I9: 255V, 12%, 30Hz
A10: V43 | B10: 40773 | C10: TN, JS, JK | D10: 0-50 | E10: 1 | F10: CO | G10: 47 | H10: 0.8 | I10: 255V, 12%, 30Hz
A11: V43 | B11: 40773 | C11: TN, JS, JK | D11: 0-50 | E11: 1 | F11: CO | G11: 42 | H11: 0.4 | I11: 255V, 12%, 30Hz
A12: V43 | B12: 40773 | C12: TN, JS, JK | D12: 0-50 | E12: 1 | F12: CO | G12: 59 | H12: 2 | I12: 255V, 12%, 30Hz
A13: V43 | B13: 40773 | C13: TN, JS, JK | D13: 0-50 | E13: 1 | F13: CO | G13: 10 | H13: 0.5 | I13: 255V, 12%, 30Hz
... A134: V43 | B134: 40773 | C134: TN, JS, JK | D134: 50-100 | E134: 1 | F134: DV | G134: 132 | H134: 24.5 | I134: 255V, 12%, 30Hz
A135: V43 | B135: 40773 | C135: TN, JS, JK | D135: 50-100 | E135: 1 | F135: DV | G135: 150 | H135: 30+ | I135: 255V, 12%, 30Hz
A136: V43 | B136: 40773 | C136: TN, JS, JK | D136: 50-100 | E136: 1 | F136: 3S | G136: 48 | H136: 0.8 | I136: 255V, 12%, 30Hz
A137: V43 | B137: 40773 | C137: TN, JS, JK | D137: 50-100 | E137: 1 | F137: 3S | G137: 50 | H137: 0.8 | I137: 255V, 12%, 30Hz
A138: V43 | B138: 40773 | C138: TN, JS, JK | D138: 50-100 | E138: 1 | F138: 3S | G138: 46 | H138: 0.6 | I138: 255V, 12%, 30Hz
A139: V43 | B139: 40773 | C139: TN, JS, JK | D139: 50-100 | E139: 2 | F139: CO | G139: 54 | H139: 1.6 | I139: 255V, 12%, 30Hz
A140: V43 | B140: 40773 | C140: TN, JS, JK | D140: 50-100 | E140: 2 | F140: CO | G140: 100 | H140: 11.25 | I140: 255V, 12%, 30Hz
A141: V43 | B141: 40773 | C141: TN, JS, JK | D141: 50-100 | E141: 2 | F141: CO | G141: 104 | H141: 12.5 | I141: 255V, 12%, 30Hz
A142: V43 | B142: 40773 | C142: TN, JS, JK | D142: 50-100 | E142: 2 | F142: CO | G142: 106 | H142: 14 | I142: 255V, 12%, 30Hz
A143: V43 | B143: 40773 | C143: TN, JS, JK | D143: 50-100 | E143: 2 | F143: CO | G143: 103 | H143: 12 | I143: 255V, 12%, 30Hz
A144: V43 | B144: 40773 | C144: TN, JS, JK | D144: 50-100 | E144: 2 | F144: 3S | G144: 44 | H144: 0.4 | I144: 255V, 12%, 30Hz
A145: V43 | B145: 40773 | C145: TN, JS, JK | D145: 50-100 | E145: 2 | F145: 3S | G145: 53 | H145: 1 | I145: 255V, 12%, 30Hz
A146: V43 | B146: 40773 | C146: TN, JS, JK | D146: 50-100 | E146: 2 | F146: 3S | G146: 46 | H146: 0.8 | I146: 255V, 12%, 30Hz
A147: V43 | B147: 40773 | C147: TN, JS, JK | D147: 50-100 | E147: 2 | F147: 3S | G147: 19 | I147: 255V, 12%, 30Hz
A148: V43 | B148: 40773 | C148: TN, JS, JK | D148: 50-100 | E148: 2 | F148: 3S | G148: 52 | H148: 1.2 | I148: 255V, 12%, 30Hz
A149: V43 | B149: 40773 | C149: TN, JS, JK | D149: 50-100 | E149: 2 | F149: DV | G149: 126 | H149: 24.5 | I149: 255V, 12%, 30Hz
A150: V43 | B150: 40773 | C150: TN, JS, JK | D150: 100-150 | E150: 1 | F150: CO | G150: 55 | H150: 1.4 | I150: 255V, 12%, 30Hz
A151: V43 | B151: 40773 | C151: TN, JS, JK | D151: 100-150 | E151: 1 | F151: CO | G151: 102 | H151: 10.5 | I151: 255V, 12%, 30Hz
A152: V43 | B152: 40773 | C152: TN, JS, JK | D152: 100-150 | E152: 1 | F152: CO | G152: 82 | H152: 6.3 | I152: 255V, 12%, 30Hz
A153: V43 | B153: 40773 | C153: TN, JS, JK | D153: 100-150 | E153: 1 | F153: DV | G153: 126 | H153: 21 | I153: 255V, 12%, 30Hz
A154: V43 | B154: 40773 | C154: TN, JS, JK | D154: 100-150 | E154: 1 | F154: CK | G154: 71 | H154: 3.8 | I154: 255V, 12%, 30Hz
A155: V43 | B155: 40773 | C155: TN, JS, JK | D155: 100-150 | E155: 1 | F155: CK | G155: 76 | H155: 5.2 | I155: 255V, 12%, 30Hz
A156: V43 | B156: 40773 | C156: TN, JS, JK | D156: 100-150 | E156: 2 | F156: CO | G156: 91 | H156: 9.75 | I156: 255V, 12%, 30Hz | J156: efisher malfunction on 1st pass 100-150
A157: V43 | B157: 40773 | C157: TN, JS, JK | D157: 100-150 | E157: 2 | F157: CO | G157: 98 | H157: 12 | I157: 255V, 12%, 30Hz
A158: V43 | B158: 40773 | C158: TN, JS, JK | D158: 100-150 | E158: 2 | F158: CO | G158: 56 | H158: 25 | I158: 255V, 12%, 30Hz
A159: V43 | B159: 40773 | C159: TN, JS, JK | D159: 100-150 | E159: 2 | F159: CO | G159: 51 | H159: 2.4 | I159: 255V, 12%, 30Hz
A160: V43 | B160: 40773 | C160: TN, JS, JK | D160: 100-150 | E160: 2 | F160: CO | G160: 102 | H160: 1.75 | I160: 255V, 12%, 30Hz
A161: V43 | B161: 40773 | C161: TN, JS, JK | D161: 100-150 | E161: 2 | F161: CO | G161: 57 | H161: 11.5 | I161: 255V, 12%, 30Hz
A162: V43 | B162: 40773 | C162: TN, JS, JK | D162: 100-150 | E162: 2 | F162: CO | G162: 54 | H162: 2.4 | I162: 255V, 12%, 30Hz
A163: V43 | B163: 40773 | C163: TN, JS, JK | D163: 100-150 | E163: 2 | F163: CO | G163: 63 | H163: 1.8 | I163: 255V, 12%, 30Hz
A164: V43 | B164: 40773 | C164: TN, JS, JK | D164: 100-150 | E164: 2 | F164: CO | G164: 54 | H164: 2.6 | I164: 255V, 12%, 30Hz
A165: V43 | B165: 40773 | C165: TN, JS, JK | D165: 100-150 | E165: 2 | F165: CO | G165: 106 | H165: 6.25 | I165: 255V, 12%, 30Hz
A166: V43 | B166: 40773 | C166: TN, JS, JK | D166: 100-150 | E166: 2 | F166: CO | G166: 81 | H166: 12.25 | I166: 255V, 12%, 30Hz
A167: V43 | B167: 40773 | C167: TN, JS, JK | D167: 100-150 | E167: 2 | F167: CO | G167: 56 | H167: 5.78 | I167: 255V, 12%, 30Hz
A168: V43 | B168: 40773 | C168: TN, JS, JK | D168: 100-150 | E168: 2 | F168: CO | G168: 51 | H168: 2.2 | I168: 255V, 12%, 30Hz
... A185: V43 | B185: 40773 | C185: TN, JS, JK | D185: 100-150 | E185: 2 | F185: 3S | G185: 47 | H185: 0.8 | I185: 255V, 12%, 30Hz
A186: V42 | B186: 40779 | C186: TN, JK, JF | D186: 50-100 | E186: 1 | F186: DV | G186: 116 | H186: 16.24 | J186: Could not sample reach 0-50, heavy veg.
A187: V42 | B187: 40779 | C187: TN, JK, JF | D187: 50-100 | E187: 1 | F187: DV | G187: 108 | H187: 11.25 | J187: Reach 50-100 had ~3m unsampled due to veg.
A188: V42 | B188: 40779 | C188: TN, JK, JF | D188: 50-100 | E188: 1 | F188: DV | G188: 79 | H188: 6.25
A189: V42 | B189: 40779 | C189: TN, JK, JF | D189: 50-100 | E189: 1 | F189: DV | G189: 82 | H189: 6
A190: V42 | B190: 40779 | C190: TN, JK, JF | D190: 50-100 | E190: 1 | F190: DV | G190: 81 | H190: 4.75
A191: V42 | B191: 40779 | C191: TN, JK, JF | D191: 50-100 | E191: 1 | F191: DV | G191: 62 | H191: 2.5
A192: V42 | B192: 40779 | C192: TN, JK, JF | D192: 50-100 | E192: 1 | F192: DV | G192: 57 | H192: 2
A193: V42 | B193: 40779 | C193: TN, JK, JF | D193: 50-100 | E193: 1 | F193: DV | G193: 54 | H193: 1.5
A194: V42 | B194: 40779 | C194: TN, JK, JF | D194: 50-100 | E194: 1 | F194: DV | G194: 57 | H194: 1.25
A195: V42 | B195: 40779 | C195: TN, JK, JF | D195: 50-100 | E195: 2 | F195: DV | G195: 129 | H195: 19.25
A196: V42 | B196: 40779 | C196: TN, JK, JF | D196: 50-100 | E196: 2 | F196: DV | G196: 68 | H196: 4
A197: V42 | B197: 40779 | C197: TN, JK, JF | D197: 50-100 | E197: 2 | F197: DV | G197: 62 | H197: 2.25
A198: V42 | B198: 40779 | C198: TN, JK, JF | D198: 100-150 | E198: 1 | F198: DV | G198: 62 | H198: 1.75
A199: V42 | B199: 40779 | C199: TN, JK, JF | D199: 100-150 | E199: 1 | F199: DV | G199: 78 | H199: 4.8
... A212: V42 | B212: 40779 | C212: TN, JK, JF | D212: 100-150 | E212: 2 | F212: DV | G212: 72 | H212: 2.9
A213: V26 | B213: 40767 | C213: JS, TN, JM | D213: 0-50 | E213: 1 | F213: DV | G213: 104 | H213: 11 | I213: 518a, 395V,30Hz, 12%
A214: V26 | B214: 40767 | C214: JS, TN, JM | D214: 0-50 | E214: 2 | F214: DV | G214: 96 | H214: 8 | I214: 518a, 395V,30Hz, 12%
A215: V26 | B215: 40767 | C215: JS, TN, JM | D215: 100-150 | E215: 1 | F215: DV | G215: 86 | H215: 7.5 | J215: Reach 50-100 had no fish, V26
A216: V26 | B216: 40767 | C216: JS, TN, JM | D216: 100-150 | E216: 2 | F216: DV | G216: 97 | H216: 11.75
A217: V30 | B217: 40768 | C217: TN, JM | I217: 445s, 395V, 30Hz, 12% | J217: No fish all reaches, V30
A218: V24 | B218: 40771 | C218: JS, TN | D218: 0-50 | E218: 1 | F218: CO | G218: 41 | H218: 0.6
A219: V24 | B219: 40771 | C219: JS, TN | D219: 0-50 | E219: 1 | F219: CO | G219: 39 | H219: 0.5
A220: V24 | B220: 40771 | C220: JS, TN | D220: 0-50 | E220: 1 | F220: CO | G220: 41 | H220: 0.6
A221: V24 | B221: 40771 | C221: JS, TN | D221: 0-50 | E221: 1 | F221: CO | G221: 43 | H221: 0.7
A222: V24 | B222: 40771 | C222: JS, TN | D222: 0-50 | E222: 1 | F222: CO | G222: 39 | H222: 0.6
A223: V24 | B223: 40771 | C223: JS, TN | D223: 0-50 | E223: 1 | F223: CO | G223: 36 | H223: 0.4
A224: V24 | B224: 40771 | C224: JS, TN | D224: 0-50 | E224: 1 | F224: CO | G224: 36 | H224: 0.4
A225: V24 | B225: 40771 | C225: JS, TN | D225: 0-50 | E225: 1 | F225: CO | G225: 39 | H225: 0.7
A226: V24 | B226: 40771 | C226: JS, TN | D226: 0-50 | E226: 1 | F226: CO | G226: 41 | H226: 0.8
A227: V24 | B227: 40771 | C227: JS, TN | D227: 0-50 | E227: 1 | F227: CO | G227: 37 | H227: 0.4
A228: V24 | B228: 40771 | C228: JS, TN | D228: 0-50 | E228: 1 | F228: CO | G228: 38 | H228: 0.5
A229: V24 | B229: 40771 | C229: JS, TN | D229: 0-50 | E229: 1 | F229: DV | G229: 112 | H229: 12.25
... A270: V25 | B270: 40764 | C270: JS, JM | D270: 50-100 | E270: 1 | F270: DV | G270: 124 | H270: 21
A271: V25 | B271: 40764 | C271: JS, JM | D271: 50-100 | E271: 1 | F271: DV | G271: 139
A272: V25 | B272: 40764 | C272: JS, JM | D272: 0-50 | E272: 2 | F272: DV | G272: 124 | H272: 25 | J272: No fish, v25 p2, 50-100, 100-150
A273: V25 | B273: 40764 | C273: JS, JM | D273: 100-150 | E273: 1 | F273: DV | G273: 80 | H273: 5.1
A274: V41 | B274: 40756 | C274: DH, JS, PK | D274: 100-150 | E274: 1 | F274: CO | G274: 99 | H274: 10
A275: V41 | B275: 40756 | C275: DH, JS, PK | D275: 100-150 | E275: 1 | F275: CO | G275: 76 | H275: 4
A276: V41 | B276: 40756 | C276: DH, JS, PK | D276: 100-150 | E276: 1 | F276: CO | G276: 80 | H276: 6
A277: V41 | B277: 40756 | C277: DH, JS, PK | D277: 100-150 | E277: 1 | F277: CO | G277: 77 | H277: 4 | J277: No fish v41, p2 100-150
A278: V41 | B278: 40756 | C278: DH, JS, PK | D278: 50-100 | E278: 1 | F278: CO | G278: 91 | H278: 8
A279: V41 | B279: 40756 | C279: DH, JS, PK | D279: 50-100 | E279: 1 | F279: CO | G279: 81 | H279: 5
A280: V41 | B280: 40756 | C280: DH, JS, PK | D280: 50-100 | E280: 1 | F280: CO | G280: 109 | H280: 12
A281: V41 | B281: 40756 | C281: DH, JS, PK | D281: 50-100 | E281: 1 | F281: CO | G281: 89 | H281: 7.5
A282: V41 | B282: 40756 | C282: DH, JS, PK | D282: 50-100 | E282: 1 | F282: CO | G282: 67 | H282: 7
A283: V41 | B283: 40756 | C283: DH, JS, PK | D283: 50-100 | E283: 1 | F283: CO | G283: 89 | H283: 8.5
A284: V41 | B284: 40756 | C284: DH, JS, PK | D284: 50-100 | E284: 1 | F284: CO | G284: 85 | H284: 7
A285: V41 | B285: 40756 | C285: DH, JS, PK | D285: 50-100 | E285: 1 | F285: CO | G285: 106 | H285: 13
A286: V41 | B286: 40756 | C286: DH, JS, PK | D286: 50-100 | E286: 1 | F286: DV | G286: 103 | H286: 12
A287: V41 | B287: 40756 | C287: DH, JS, PK | D287: 50-100 | E287: 1 | F287: DV | G287: 89 | H287: 8
A288: V41 | B288: 40756 | C288: DH, JS, PK | D288: 50-100 | E288: 1 | F288: DV | G288: 95 | H288: 8
...

Sheet Form3_PHab
D1: Substrate Cross-section Data | AJ1: Transect Midpoint Thalweg Profile | AQ1: Pools between | AU1: Large Woody Debris | AY1: Note
D2: Left | H2: Left Center | L2: Center | P2: Right Center | T2: Right | X2: Fish Cover/Other | AA2: Canopy Cover (Densiometer) | AE2: Bank/Thalweg Profile | AL2: Substrate | AQ2: Pair | AR2: Length | AS2: Width | AT2: Depth | AU2: Pair | AV2: Diameter (m) | AW2: Length (m) | AX2: Count
A3: Site ID | B3: Date | C3: Transect | D3: Dist LB (m) | E3: Depth (m) | F3: Sz class | G3: Embed % | H3: Dist LB (m) | I3: Depth (m) | J3: Sz class | K3: Embed % | L3: Dist LB (m) | M3: Depth (m) | N3: Sz class | O3: Embed % | P3: Dist LB (m) | Q3: Depth (m) | R3: Sz class | S3: Embed % | T3: Dist LB (m) | U3: Depth (m) | V3: Sz class | W3: Embed % | X3: Filament algae | Y3: Biofilms | Z3: Overhang veg | AA3: Up | AB3: L | AC3: Dwn | AD3: R | AE3: Left undercut (cm) | AF3: Right undercut (cm) | AG3: wetted width (m) | AH3: Thalweg depth (m) | AI3: Thalweg velocity (m/s) | AJ3: Thalweg depth (m) | AK3: Wetted width (m) | AL3: Left | AM3: Left Center | AN3: Center | AO3: Right Center | AP3: Right
A4: V43 | B4: 40773 | C4: G | D4: 0.1 | E4: 0.06 | F4: SA | G4: 100 | H4: 0.36 | I4: 0.11 | J4: SA | K4: 100 | L4: 0.57 | M4: 0.11 | N4: SA | O4: 100 | P4: 1 | Q4: 0.13 | R4: SA | S4: 100 | T4: 1.3 | U4: 0.12 | V4: SA | W4: 100 | X4: 0 | Y4: 0 | Z4: 2 | AA4: 0 | AB4: 0 | AC4: 0 | AD4: 0 | AE4: 0 | AF4: 0 | AG4: 1.38 | AH4: 0.13 | AI4: 0.19
A5: V43 | B5: 40773 | C5: F | D5: 0 | E5: 0.31 | F5: FN | G5: 100 | H5: 0.31 | I5: 0.31 | J5: FN | K5: 100 | L5: 0.64 | M5: 0.31 | N5: FN | O5: 100 | P5: 1 | Q5: 0.15 | R5: WD | S5: 0 | T5: 1.35 | U5: 0.07 | V5: FN | W5: 100 | X5: 0 | Y5: 0 | Z5: 1 | AA5: 0 | AB5: 0 | AC5: 0 | AD5: 0 | AE5: 0 | AF5: 0 | AG5: 1.38 | AH5: 0.31 | AI5: 0.03 | AJ5: 0.24 | AK5: 1.82 | AL5: SA | AM5: FN | AN5: WD | AO5: FN | AP5: FN | AY5: *1: Undercut
A6: V43 | B6: 40773 | C6: E | D6: 0 | G6: *1 | H6: 0.67 | I6: 0.24 | J6: FN | K6: 100 | L6: 1 | M6: 0.38 | N6: GF | O6: 70 | P6: 1.22 | Q6: 0.38 | R6: GF | S6: 70 | T6: 1.39 | U6: 0.36 | V6: GF | W6: 70 | X6: 0 | Y6: 0 | Z6: 2 | AA6: 0 | AB6: 0 | AC6: 15 | AD6: 21 | AE6: 0.37 | AF6: 0 | AG6: 1.39 | AH6: 0.39 | AI6: 0 | AJ6: 0.25 | AK6: 2.38 | AL6: FN | AM6: WD | AN6: FN | AO6: FN | AP6: SA
A7: V43 | B7: 40773 | C7: C | D7: 0.07 | E7: 0.35 | F7: FN | G7: 100 | H7: 0.5 | I7: 0.44 | J7: GF | K7: *2 | L7: 1 | M7: 0.42 | N7: FN | O7: 100 | P7: 1.5 | Q7: 0.34 | R7: FN | S7: 100 | T7: 1.95 | U7: 0.14 | V7: FN | X7: 0 | Y7: 0 | Z7: 1 | AA7: 0 | AB7: 1 | AC7: 0 | AD7: 0 | AE7: 0 | AF7: 17 | AG7: 2.06 | AH7: 0.48 | AI7: 0.04 | AJ7: 0.43 | AK7: 2.24 | AL7: GC | AM7: GC | AN7: GC | AO7: GF | AP7: SA | AY7: *2: No data, no note
A8: V43 | B8: 40773 | C8: D | D8: 0.05 | E8: 0.05 | F8: FN | G8: 100 | H8: 0.59 | I8: 0.2 | J8: FN | K8: 100 | L8: 1.23 | M8: 0.12 | N8: FN | O8: 100 | P8: 1.92 | Q8: 0.06 | R8: FN | S8: 100 | T8: 2.49 | U8: 0.05 | V8: FN | W8: 100 | X8: 0 | Y8: 0 | Z8: 1 | AA8: 0 | AB8: 3 | AC8: 1 | AD8: 0 | AE8: 0 | AF8: 0 | AG8: 2.56 | AH8: 0.2 | AI8: 0.03 | AJ8: 0.17 | AK8: 1.48 | AL8: FN | AM8: GF | AN8: GF | AO8: GF | AP8: FN | AQ8: CD | AR8: 3.24 | AS8: 3.06 | AT8: 0.74
A9: V43 | B9: 40773 | C9: B | D9: 0.05 | E9: 0.01 | F9: SA | G9: 100 | H9: 0.3 | I9: 0.11 | J9: WD | K9: 0 | L9: 0.64 | M9: 0.18 | N9: GC | O9: 20 | P9: 0.93 | Q9: 0.17 | R9: WD | S9: 0 | T9: 0.05 | U9: 0.08 | V9: WD | W9: 0 | X9: 0 | Y9: 0 | Z9: 1 | AA9: 0 | AB9: 4 | AC9: 5 | AD9: 0 | AE9: 0 | AF9: 0 | AG9: 1.23 | AH9: 0.18 | AI9: 0.9 | AJ9: 0.34 | AK9: 1.77 | AL9: SA | AM9: WD | AN9: WD | AO9: GC | AP9: GC
A10: V43 | B10: 40773 | C10: A | D10: 0.15 | E10: 0.12 | F10: SA | G10: 100 | H10: 0.52 | I10: 0.16 | J10: SA | K10: 100 | L10: 1 | M10: 0.15 | N10: SA | O10: 100 | P10: 1.25 | Q10: 0.24 | R10: SA | S10: 100 | T10: *1 | X10: 0 | Y10: 0 | Z10: 2 | AA10: 0 | AB10: 1 | AC10: 1 | AD10: 0 | AE10: 0 | AF10: 55 | AG10: 1.78 | AH10: 0.24 | AI10: 0.04 | AJ10: 0.17 | AK10: 1.97 | AL10: SA | AM10: GC | AN10: GC | AO10: SA | AP10: SA
A11: V42 | B11: 40779 | C11: D | D11: 0.22 | E11: 0.1 | F11: GC | G11: 50 | H11: 0.32 | I11: 0.077 | J11: GB | K11: 10 | L11: 0.47 | M11: 0.11 | N11: CB | O11: 10 | P11: 0.68 | Q11: 0.04 | R11: WD | S11: 10 | T11: 0.97 | U11: 0.04 | V11: SA | W11: 100 | X11: 0 | Y11: 0 | Z11: 4 | AA11: 0 | AB11: 0 | AC11: 0 | AD11: 0 | AE11: 0.22 | AF11: 0.4 | AG11: 0.96 | AH11: 0.13 | AI11: 0.24 | AJ11: 0.1 | AK11: 0.98 | AL11: CB | AM11: GF | AN11: GF | AO11: GF | AP11: CB
A12: V42 | B12: 40779 | C12: E | D12: 0.2 | E12: 0.11 | F12: SA | G12: 100 | H12: 0.31 | I12: 20 | J12: SA | K12: 100 | L12: 0.12 | M12: 0.19 | N12: GF | O12: 100 | P12: 0.9 | Q12: 0.13 | R12: SA | S12: 100 | T12: 0.12 | U12: 0.04 | V12: SA | W12: 100 | X12: 0 | Y12: 0 | Z12: 0 | AA12: 0 | AB12: 1 | AC12: 0 | AD12: 0 | AE12: 0 | AF12: 0.02 | AG12: 1.33 | AH12: 0.2 | AI12: 0.26 | AJ12: 0.26 | AK12: 0.84 | AL12: GF | AM12: GG | AN12: GC | AO12: GF | AP12: SA
A13: V42 | B13: 40779 | C13: A | D13: 0.1 | E13: 0.18 | F13: GC | G13: 10 | H13: 0.3 | I13: 0.04 | J13: LB | K13: 80 | L13: 0.6 | M13: 0.13 | N13: GC | O13: 20 | P13: 1 | Q13: 0.13 | R13: SA | S13: 100 | T13: 1.3 | U13: 0.19 | V13: SA | W13: 100 | X13: 0 | Y13: 0 | Z13: 4 | AA13: 6 | AB13: 21 | AC13: 21 | AD13: 8 | AE13: 10 | AF13: 0 | AG13: 1.45 | AH13: 0.16 | AI13: 0.48
A14: V42 | B14: 40779 | C14: B | D14: 0.2 | E14: 0.1 | F14: GF | G14: 50 | H14: 0.4 | I14: 0.12 | J14: GF | K14: 20 | L14: 0.58 | M14: 0.11 | N14: CB | O14: 20 | P14: 0.8 | Q14: 0.15 | R14: GC | S14: 20 | T14: 1 | U14: 0.17 | V14: GC | W14: 70 | X14: 0 | Y14: 0 | Z14: 4 | AA14: 0 | AB14: 1 | AC14: 1 | AD14: 1 | AE14: 0.18 | AF14: 0.06 | AG14: 1.16 | AH14: 0.19 | AI14: 0.63 | AJ14: 0.19 | AK14: 0.68 | AL14: SB | AM14: SB | AN14: SB | AO14: CB | AP14: GC | AY14: *3M of reach unsampleable due to vegetation
A15: V42 | B15: 40779 | C15: F | D15: 0.2 | E15: 0.22 | F15: GC | G15: 20 | H15: 0.3 | I15: 0.19 | J15: GC | K15: 20 | L15: 0.6 | M15: 0.2 | N15: GC | O15: 50 | P15: 0.9 | Q15: 0.07 | R15: SB | S15: 80 | T15: 1.08 | U15: 0.1 | V15: SB | W15: 80 | X15: 0 | Y15: 0 | Z15: 4 | AA15: 2 | AB15: 7 | AC15: 8 | AD15: 1 | AE15: 0 | AF15: 12 | AG15: 1.32 | AH15: 0.2 | AI15: 0.15 | AJ15: 0.15 | AK15: 1.06 | AL15: GF | AM15: GF | AN15: GC | AO15: GC | AP15: CB | AY15: Not enough sampleable creek available. No site G
A16: V42 | B16: 40779 | C16: C | D16: 0.15 | E16: 0.09 | F16: SA | G16: 100 | H16: 0.3 | I16: 0.09 | J16: GF | K16: 50 | L16: 0.62 | M16: 0.15 | N16: GC | O16: 10 | P16: 0.9 | Q16: 0.13 | R16: SA | S16: 100 | T16: 1.15 | U16: 0.14 | V16: GF | W16: 50 | X16: 0 | Y16: 0 | Z16: 0 | AA16: 0 | AB16: 0 | AC16: 1 | AD16: 0 | AE16: 0 | AF16: 0 | AG16: 1.26 | AH16: 0.19 | AI16: 0.61 | AJ16: 0.23 | AK16: 1.11 | AL16: SA | AM16: GF | AN16: GF | AO16: GC | AP16: SA
A17: V26 | B17: 40767 | C17: A | D17: 0.25 | E17: 0.05 | F17: GC | G17: 0 | H17: 0.42 | I17: 0.06 | J17: GC | K17: 20 | L17: 0.72 | M17: 0.07 | N17: GC | O17: 20 | P17: 1 | Q17: 0.08 | R17: SA | S17: 100 | T17: 1.16 | U17: 0.06 | V17: SA | W17: 100 | X17: 0 | Y17: 3 | Z17: 1 | AA17: 33 | AB17: 36 | AC17: 37 | AD17: 37 | AE17: 0 | AF17: 0 | AG17: 1.26 | AH17: 0.09 | AI17: 0.25 | AJ17: 0.014 | AK17: 1.25 | AL17: SA | AM17: GC | AN17: GC | AO17: SA | AP17: GC | AQ17: AB | AR17: 1.47 | AS17: 1.47 | AT17: 0.22 | AY17: New densiometers, max count 37
A18: V26 | B18: 40767 | C18: B | D18: 0.2 | E18: 0.05 | F18: GC | G18: 50 | H18: 0.36 | I18: 0.06 | J18: GC | K18: 0 | L18: 0.57 | M18: 0.09 | N18: GC | O18: 0 | P18: 0.75 | Q18: 0.06 | R18: GC | S18: 50 | T18: 1 | U18: 0.06 | V18: CB | W18: 50 | X18: 0 | Y18: 2 | Z18: 3 | AA18: 34 | AB18: 11 | AC18: 25 | AD18: 27 | AE18: 0.014 | AF18: 0.09 | AG18: 1.14 | AH18: 0.09 | AI18: 0.4 | AJ18: 0.12 | AK18: 0.75 | AL18: SA | AM18: GC | AN18: GC | AO18: GC | AP18: GC
A19: V26 | B19: 40767 | C19: C | D19: 0.32 | E19: 0.09 | F19: SA | G19: 100 | H19: 0.41 | I19: 0.1 | J19: SA | K19: 100 | L19: 0.55 | M19: 0.09 | N19: SA | O19: 100 | P19: 0.79 | Q19: 0.06 | R19: SA | S19: 100 | T19: 1 | U19: 0.01 | V19: SA | W19: 100 | X19: 0 | Y19: 0 | Z19: 2 | AA19: 2 | AB19: 0 | AC19: 0 | AD19: 9 | AE19: 0.22 | AF19: 0 | AG19: 1.12 | AH19: 0.1 | AI19: 0.24 | AJ19: 0.44 | AK19: 1 | AL19: SA | AM19: SA | AN19: GC | AO19: GF | AP19: GF | AU19: CD | AV19: .1-.3 | AW19: 5-15.0 | AX19: 1
A20: V26 | B20: 40767 | C20: D | D20: 0.13 | E20: 0.04 | F20: SA | G20: 100 | H20: 0.36 | I20: 0.05 | J20: SA | K20: 100 | L20: 0.5 | M20: 0.1 | N20: GC | O20: 0 | P20: 0.61 | Q20: 0 | R20: GC | S20: *3 | T20: 0.7 | V20: SA | W20: 100 | X20: 0 | Y20: 1 | Z20: 3 | AA20: 18 | AB20: 21 | AC20: 11 | AD20: 37 | AE20: 0 | AF20: 0.48 | AG20: 0.83 | AH20: 0.09 | AI20: 0.38 | AJ20: 0.24 | AK20: 1.45 | AL20: SA | AM20: SA | AN20: SA | AO20: SA | AP20: SA | AY20: *3: Undercut, could not get depth measurements
A21: V26 | B21: 40767 | C21: E | D21: 0.15 | E21: 0.2 | F21: SA | G21: 100 | H21: 0.3 | I21: 0.2 | J21: SA | K21: 100 | L21: 0.52 | M21: 0.15 | N21: SA | O21: 100 | P21: 0.77 | Q21: 0.1 | R21: SA | S21: 100 | T21: 1 | U21: 0.06 | V21: SA | W21: 100 | X21: 0 | Y21: 0 | Z21: 6 | AA21: 19 | AB21: 37 | AC21: 37 | AD21: 37 | AE21: 0 | AF21: 0 | AG21: 1.29 | AH21: 0.24 | AI21: 0.02 | AJ21: 0.13 | AK21: 1.12 | AL21: SA | AM21: GC | AN21: CB | AO21: GC | AP21: CB
A22: V26 | B22: 40767 | C22: F | D22: 0.07 | E22: 0.01 | F22: CB | G22: 10 | H22: 0.18 | I22: 0.05 | J22: CB | K22: 30 | L22: 0.3 | M22: 0.07 | N22: CB | O22: 50 | P22: 0.46 | Q22: 0.01 | R22: CB | S22: 10 | T22: 0.62 | U22: 0.03 | V22: GC | W22: 0 | X22: 0 | Y22: 1 | Z22: 4 | AA22: 37 | AB22: 37 | AC22: 37 | AD22: 37 | AE22: 0 | AF22: 0 | AG22: 0.7 | AH22: 0.09 | AI22: 0.47 | AJ22: 0.14 | AK22: 1.14 | AL22: SA | AM22: GC | AN22: GC | AO22: CB | AP22: SA
A23: V26 | B23: 40767 | C23: G | D23: 0.34 | E23: 0.1 | F23: SA | G23: 100 | H23: 0.65 | I23: 0.09 | J23: SA | K23: 100 | L23: 0.96 | M23: 0.09 | N23: GF | O23: 0 | P23: 1.19 | Q23: 0.05 | R23: SA | S23: 100 | T23: 1.4 | U23: 0.02 | V23: SA | W23: 100 | X23: 0 | Y23: 0 | Z23: 2 | AA23: 25 | AB23: 12 | AC23: 10 | AD23: 15 | AE23: 0.2 | AF23: 0 | AG23: 1.57 | AH23: 0.1 | AI23: 0.36
A24: V30 | B24: 40767 | C24: A | D24: 0.2 | E24: 0.13 | F24: LB | G24: 50 | H24: 0.4 | I24: 0.14 | J24: SB | K24: 30 | L24: 0.8 | M24: 0.16 | N24: LB | O24: 40 | P24: 0.13 | Q24: 0.1 | R24: SB | S24: 30 | T24: 0.14 | U24: 0.1 | V24: SB | W24: 30 | X24: 0 | Y24: 0 | Z24: 3 | AA24: 24 | AB24: 37 | AC24: 12 | AD24: 31 | AE24: 0.31 | AF24: 0.11 | AG24: 1.66 | AH24: 1.6 | AI24: 0*4 | AJ24: 0.9 | AK24: 1.42 | AL24: SB | AM24: WD | AN24: SB | AO24: CB | AP24: CB | AU24: AB | AV24: .1-.3 | AW24: 1.5-5 | AX24: 3 | AY24: *4: Flow is visible but could not detect behind boulder in transect
A25: V30 | B25: 40767 | C25: B | D25: 0.2 | E25: 0.17 | F25: FN | G25: 100 | H25: 0.34 | I25: 0.14 | J25: SB | K25: 50 | L25: 0.54 | M25: 0.16 | N25: SB | O25: 20 | P25: 0.75 | Q25: 0.04 | R25: SB | S25: 60 | T25: 0.96 | U25: 0.03 | V25: SB | W25: 65 | X25: 0 | Y25: 0 | Z25: 3 | AA25: 11 | AB25: 8 | AC25: 14 | AD25: 24 | AE25: 0.18 | AF25: 0.12 | AG25: 1.11 | AH25: 0.17 | AI25: 0.01 | AJ25: 0.21 | AK25: 0.65 | AL25: CB | AM25: CB | AN25: CB | AO25: CB | AP25: SA
A26: V30 | B26: 40767 | C26: C | D26: 0.38 | E26: 0.05 | F26: FN | G26: 100 | H26: 0.2 | I26: 0.085 | J26: FN | K26: 100 | L26: 0.1 | M26: 0.08 | N26: FN | O26: 100 | P26: 0.05 | Q26: 8 | R26: FN | S26: 100 | T26: 0.01 | U26: 0.05 | V26: FN | W26: 100 | X26: 0 | Y26: 0 | Z26: 3 | AA26: 0 | AB26: 0 | AC26: 0 | AD26: 0 | AE26: 0 | AF26: 0 | AG26: 0.43 | AH26: 0.13 | AI26: 0.05 | AJ26: 0.25 | AK26: 1 | AL26: SB | AM26: FN | AN26: FN | AO26: FN | AP26: FN | AU26: CD | AV26: .1-.3 | AW26: 1.5-5 | AX26: 2
A27: V30 | B27: 40767 | C27: D | D27: 1.23 | E27: 0.31 | F27: FN | G27: 100 | H27: 1 | I27: 0.42 | J27: FN | K27: 100 | L27: 0.75 | M27: 0.47 | N27: FN | O27: 100 | P27: 0.5 | Q27: 0.17 | R27: SB | S27: 30 | T27: 0.25 | U27: 0 | V27: SB | W27: 30 | X27: 0 | Y27: 0 | Z27: 3 | AA27: 0 | AB27: 0 | AC27: 0 | AD27: 0 | AE27: 0 | AF27: 0.21 | AG27: 1.5 | AH27: 0.5 | AI27: 0 | AJ27: 0.21 | AK27: 0.75 | AL27: FN | AM27: FN | AN27: SB | AO27: SB | AP27: SB
A28: V30 | B28: 40767 | C28: E | D28: 0.8 | E28: 0.06 | F28: FN | G28: 100 | H28: 0.66 | I28: 0.16 | J28: SA | K28: 100 | L28: 0.45 | M28: 0.26 | N28: FN | O28: 100 | P28: 0.3 | Q28: 0.005 | R28: FN | S28: 100 | T28: 0.13 | U28: 0.05 | V28: FN | W28: 100 | X28: 0 | Y28: 0 | Z28: 3 | AA28: 13 | AB28: 6 | AC28: 6 | AD28: 4 | AE28: 0.14 | AF28: 0 | AG28: 0.83 | AH28: 0.26 | AI28: 0.05 | AJ28: 0.15 | AK28: 0.93 | AL28: FN | AM28: FN | AN28: WD | AO28: SA | AP28: SB
A29: V30 | B29: 40767 | C29: F | D29: 0.2 | E29: 0.05 | F29: SA | G29: 100 | H29: 0.4 | I29: 0.01 | J29: SA | K29: 100 | L29: 0.55 | M29: 0.06 | N29: SA | O29: 100 | P29: 0.8 | Q29: 0.03 | R29: CB | S29: 50 | T29: 0.95 | U29: 0.04 | V29: CB | W29: 50 | X29: 0 | Y29: 0 | Z29: 3 | AA29: 33 | AB29: 13 | AC29: 18 | AD29: 4 | AE29: 0 | AF29: 0 | AG29: 0.94 | AH29: 0.11 | AI29: 0.18 | AJ29: 0.19 | AK29: 1.07 | AL29: FN | AM29: CB | AN29: CB | AO29: FN | AP29: FN
A30: V30 | B30: 40767 | C30: G | D30: 0.1 | E30: 0.03 | F30: CB | G30: 40 | H30: 0.2 | I30: 0.06 | J30: FN | K30: 100 | L30: 0.36 | M30: 0.09 | N30: GC | O30: 40 | P30: 0.66 | Q30: 0.07 | R30: FN | S30: 100 | T30: 0.7 | U30: 0.06 | V30: FN | W30: 100 | X30: 0 | Y30: 0 | Z30: 3 | AA30: 5 | AB30: 20 | AC30: 10 | AD30: 5 | AE30: 0.09 | AF30: 0.21 | AG30: 0.76 | AH30: 0.12 | AI30: 0.05
A31: V24 | B31: 40765 | C31: D | D31: 0.2 | E31: 0.05 | F31: SA | G31: 100 | H31: 0.4 | I31: 0.03 | J31: SA | K31: 100 | L31: 0.6 | M31: 0.05 | N31: GF | O31: 40 | P31: 0.8 | Q31: 0.07 | R31: GF | S31: 30 | T31: 1 | U31: 0.08 | V31: GF | W31: 50 | X31: 0 | Y31: 0 | Z31: 4 | AA31: 1 | AB31: 4 | AC31: 3 | AD31: 10 | AE31: 0.23 | AF31: 0 | AG31: 1.4 | AH31: 0.09 | AI31: 0.2 | AJ31: 0.12 | AK31: 0.104 | AL31: SA | AM31: GC | AN31: SA | AO31: SA | AP31: SA | AQ31: DE | AR31: 0.86 | AS31: 1.42 | AT31: 0.23
A32: V24 | B32: 40765 | AQ32: DE | AR32: 1.67 | AS32: 2.64 | AT32: 0.23
A33: V24 | B33: 40765 | C33: A | D33: 0.2 | E33: 0.12 | F33: GC | G33: 0 | H33: 0.3 | I33: 0.08 | J33: GF | K33: 0 | L33: 0.43 | M33: 0.05 | N33: SA | O33: 100 | P33: 0.6 | Q33: 0.03 | R33: SA | S33: 100 | T33: 0.8 | U33: 0.01 | V33: SA | W33: 100 | X33: 0 | Y33: 0 | Z33: 4 | AA33: 3 | AB33: 17 | AC33: 8 | AD33: 7 | AE33: 0.19 | AF33: 0 | AG33: 0.85 | AH33: 0.13 | AI33: 0.41 | AJ33: 0.08 | AK33: 0.6 | AL33: GC | AM33: GF | AN33: GF | AO33: GF | AP33: GF | AY33: Stream heavily vegetated, often subsurface or overgrown with willow and grass
A34: V24 | B34: 40765 | C34: C | D34: 0.16 | E34: 0.03 | F34: SA | G34: 100 | H34: 0.34 | I34: 0.12 | J34: GF | K34: 10 | L34: 0.7 | M34: 0.06 | N34: GF | O34: 10 | P34: 1 | Q34: 0.02 | R34: GF | S34: 10 | T34: 1.2 | U34: 0.02 | V34: GF | W34: 0 | X34: 0 | Y34: 0 | Z34: 3 | AA34: 5 | AB34: 4 | AC34: 0 | AD34: 2 | AE34: 0 | AF34: 0 | AG34: 1.5 | AH34: 0.11 | AI34: 0.29 | AJ34: 0.04 | AK34: 1.16 | AL34: GF | AM34: GF | AN34: GF | AO34: GF | AP34: GC | AQ34: BC | AR34: 1.86 | AS34: 1.4 | AT34: 0.36
A35: V24 | B35: 40765 | C35: B | D35: 0.2 | E35: 0.03 | F35: SA | G35: 100 | H35: 0.4 | I35: 0.04 | J35: GF | K35: 30 | L35: 0.6 | M35: 0.145 | N35: GF | O35: 10 | P35: 0.8 | Q35: 0.08 | R35: GF | S35: 10 | T35: 1 | U35: 0.05 | V35: SA | W35: 100 | X35: 0 | Y35: 0 | Z35: 4 | AA35: 2 | AB35: 3 | AC35: 5 | AD35: 6 | AE35: 0 | AF35: 0.34 | AG35: 1.13 | AH35: 0.08 | AI35: 0.09 | AJ35: 0.36 | AK35: 1.4 | AL35: SA | AM35: SA | AN35: GF | AO35: SA | AP35: SA
A36: V24 | B36: 40765 | C36: E | D36: 0.1 | E36: 0.08 | F36: SA | G36: 100 | H36: 0.19 | I36: 0.15 | J36: SA | K36: 100 | L36: 0.3 | M36: 0.17 | N36: SA | O36: 100 | P36: 0.4 | Q36: 0.2 | R36: SA | S36: 100 | T36: 0.48 | U36: 0.21 | V36: GC | W36: 0 | X36: 0 | Y36: 0 | Z36: 3 | AA36: 2 | AB36: 3 | AC36: 0 | AD36: 8 | AE36: 0 | AF36: 0 | AG36: 0.54 | AH36: 0.19 | AI36: 0.23 | AJ36: 0.15 | AK36: 0.79 | AL36: SA | AM36: GC | AN36: GC | AO36: SA | AP36: SA
A37: V24 | B37: 40765 | C37: F | D37: 0.2 | E37: 0.09 | F37: SA | G37: 100 | H37: 0.37 | I37: 10 | J37: GC | K37: 0 | L37: 0.53 | M37: 0.08 | N37: GC | O37: 50 | P37: 0.7 | Q37: 0.07 | R37: SA | S37: 100 | T37: 0.84 | U37: 0.07 | V37: GC | W37: 0 | X37: 0 | Y37: 0 | Z37: 4 | AA37: 1 | AB37: 2 | AC37: 4 | AD37: 12 | AE37: 0 | AF37: 0.25 | AG37: 0.91 | AH37: 0.11 | AI37: 0.05 | AJ37: 0.15 | AK37: 1 | AL37: SA | AM37: SA | AN37: GC | AO37: SA | AP37: SA | AQ37: FG | AR37: 1.9 | AS37: 1.44 | AT37: 0.23
A38: V24 | B38: 40765 | C38: G | D38: 0.1 | E38: 0.03 | F38: GF | G38: 0 | H38: 0.3 | I38: 0.05 | J38: GC | K38: 0 | L38: 0.5 | M38: 0.06 | N38: GC | O38: 0 | P38: 0.7 | Q38: 0.07 | R38: GC | S38: 0 | T38: 0.86 | U38: 0.05 | V38: GC | W38: 0 | X38: 0 | Y38: 0 | Z38: 2 | AA38: 0 | AB38: 0 | AC38: 0 | AD38: 11 | AE38: 0 | AF38: 0.3 | AG38: 1 | AH38: 0.06 | AI38: 0.46
A39: V25 | B39: 40764 | C39: D | D39: 0.3 | E39: 0.07 | F39: SA | G39: 100 | H39: 0.7 | I39: 0.1 | J39: SA | K39: 100 | L39: 1.2 | M39: 0.13 | N39: GC | O39: 50 | P39: 1.7 | Q39: 0.15 | R39: SA | S39: 100 | T39: 2.06 | U39: 0.14 | V39: SA | W39: 100 | X39: 1 | Y39: 1 | Z39: 0 | AA39: 1 | AB39: 3 | AC39: 6 | AD39: 2 | AE39: 0 | AF39: 0 | AG39: 2.19 | AH39: 0.015 | AI39: 0.18 | AJ39: 0.13 | AK39: 2.45 | AL39: GC | AM39: CB | AN39: GF | AO39: GF | AP39: SA
A40: V25 | B40: 40764 | C40: E | D40: 0.19 | E40: 0.09 | F40: SA | G40: 100 | H40: 0.4 | I40: 0.12 | J40: SA | K40: 100 | L40: 0.7 | M40: 0.16 | N40: SA | O40: 100 | P40: 1.14 | Q40: 0.14 | R40: GC | S40: 30 | T40: 1.7 | U40: 0.13 | V40: SA | W40: 100 | X40: 0 | Y40: 0 | Z40: 2 | AA40: 4 | AB40: 4 | AC40: 5 | AD40: 3 | AE40: 0 | AF40: 0 | AG40: 1.92 | AH40: 0.18 | AI40: 0.17 | AJ40: 0.16 | AK40: 1.24 | AL40: SA | AM40: GF | AN40: CB | AO40: GC | AP40: GC
A41: V25 | B41: 40764 | C41: C | D41: 0.06 | E41: 0.01 | F41: SA | G41: 100 | H41: 0.3 | I41: 0.045 | J41: GF | K41: 20 | L41: 0.7 | M41: 0.115 | N41: GC | O41: 10 | P41: 1 | Q41: 0.09 | R41: GC | S41: 10 | T41: 1.35 | U41: 0.02 | V41: SA | W41: 100 | X41: 0 | Y41: 1 | Z41: 2 | AA41: 4 | AB41: 3 | AC41: 1 | AD41: 5 | AE41: 0 | AF41: 0 | AG41: 1.44 | AH41: 0.12 | AI41: 0.35 | AJ41: 0.09 | AK41: 1.79 | AL41: GF | AM41: CB | AN41: GC | AO41: GF | AP41: GF | AQ41: AB | AR41: 2 | AS41: 2.2 | AT41: 0.39
A42: V25 | B42: 40764 | C42: A | D42: 0.19 | E42: 0.04 | F42: GF | G42: 50 | H42: 0.4 | I42: 0.07 | J42: SA | K42: 100 | L42: 0.59 | M42: 0.09 | N42: GC | O42: 50 | P42: 1 | Q42: 0.08 | R42: GC | S42: 50 | T42: 1.4 | U42: 0.04 | V42: GC | W42: 20 | X42: 1 | Y42: 1 | Z42: 2 | AA42: 16 | AB42: 11 | AC42: 2 | AD42: 4 | AE42: 0 | AF42: 0 | AG42: 1.71 | AH42: 0.1 | AI42: 0.23 | AJ42: 0.11 | AK42: 1.34 | AL42: GC | AM42: CB | AN42: CB | AO42: CB | AP42: SA
A43: V25 | B43: 40764 | C43: B | D43: 0.15 | E43: 0.07 | F43: SA | G43: 100 | H43: 0.4 | I43: 0.06 | J43: GC | K43: 10 | L43: 0.85 | M43: 0.09 | N43: GC | O43: 0 | P43: 1.22 | Q43: 0.08 | R43: GF | S43: 10 | T43: 1.52 | U43: 0.055 | V43: GC | W43: 50 | X43: 0 | Y43: 2 | Z43: 1 | AA43: 5 | AB43: 2 | AC43: 7 | AD43: 3 | AE43: 0 | AF43: 0 | AG43: 1.255 | AH43: 0.09 | AI43: 0.24 | AJ43: 0.11 | AK43: 3 | AL43: GC | AM43: GC | AN43: CB | AO43: CB | AP43: SA
A44: V25 | B44: 40764 | C44: F | D44: 0.11 | E44: 0.03 | F44: GC | G44: 0 | H44: 0.19 | I44: 0.04 | J44: GC | K44: 10 | L44: 0.3 | M44: 0.12 | N44: GC | O44: 10 | P44: 0.45 | Q44: 0.1 | R44: WD | S44: 0 | T44: 0.53 | U44: 0.9 | V44: GC | W44: 10 | X44: 0 | Y44: 1 | Z44: 1 | AA44: 1 | AB44: 1 | AC44: 2 | AD44: 3 | AE44: 0 | AF44: 0 | AG44: 0.57 | AH44: 0.13 | AI44: 0.76 | AJ44: *5 | AY44: 5: Huge deadfall across creek
A45: V25 | B45: 40764 | C45: G | D45: 0.05 | E45: 0.16 | F45: GF | G45: 100 | H45: 0.12 | I45: 0.16 | J45: GF | K45: 100 | L45: 0.21 | M45: 0.16 | N45: GF | O45: 100 | P45: 0.33 | Q45: 0.18 | R45: GF | S45: 100 | T45: 0.46 | U45: 0.05 | V45: SB | W45: 30 | X45: 0 | Y45: 2 | Z45: 4 | AA45: 15 | AB45: 2 | AC45: 16 | AD45: 26 | AE45: 0 | AF45: 0 | AG45: 0.48 | AH45: 0.18 | AI45: 0.25 | AJ45: 0.1 | AK45: 1.52 | AL45: CB | AM45: GC | AN45: CB | AO45: GC | AP45: GC
A46: V41 | B46: 40756 | C46: A | D46: 0.1 | E46: 0.07 | F46: FN | G46: 100 | H46: 0.2 | I46: 0.23 | J46: FN | K46: 100 | L46: 0.3 | M46: 0.4 | N46: FN | O46: 100 | P46: 0.4 | Q46: 0.17 | R46: FN | S46: 100 | T46: 0.5 | U46: 0.03 | V46: FN | W46: 100 | X46: 0 | Y46: 0 | Z46: 2 | AA46: 0 | AB46: 96 | AC46: 96 | AD46: 56 | AE46: 0 | AF46: 0 | AG46: 0.59 | AH46: 0.4 | AI46: 0.06 | AJ46: 0.17 | AK46: 1.75 | AL46: FN | AM46: FN | AN46: FN | AO46: FN | AP46: FN
A47: V41 | B47: 40756 | C47: B | D47: 0.2 | E47: *1 | F47: FN | G47: 100 | H47: 0.4 | I47: 0.23 | J47: FN | K47: 100 | L47: 0.5 | M47: 0.3 | N47: FN | O47: 100 | P47: 0.7 | Q47: 0.22 | R47: FN | S47: 100 | T47: 0.9 | U47: 0.23 | V47: FN | W47: 100 | X47: 0 | Y47: 0 | Z47: 2 | AA47: 80 | AB47: 10 | AC47: 78 | AD47: 96 | AE47: 0.23 | AF47: 0.34 | AG47: 1.12 | AH47: 0.3 | AI47: 0.07 | AJ47: 0.1 | AK47: 0.54 | AL47: FN | AM47: FN | AN47: FN | AO47: FN | AP47: FN | AQ47: BC | AR47: 25 | AS47: *6 | AY47: 6: One long pool
A48: V41 | B48: 40756 | C48: C | D48: 0.2 | E48: 0.1 | F48: FN | G48: 100 | H48: 0.5 | I48: 0.18 | J48: FN | K48: 100 | L48: 0.7 | M48: 0.27 | N48: FN | O48: 100 | P48: 0.9 | Q48: 0.31 | R48: FN | S48: 100 | T48: 1.2 | U48: 0.27 | V48: FN | W48: 100 | X48: 0 | Y48: 0 | Z48: 2 | AA48: 25 | AB48: 96 | AC48: 72 | AD48: 8 | AE48: 0.46 | AF48: 0.22 | AG48: 1.38 | AH48: 0.26 | AI48: 0.08 | AJ48: 0.18 | AK48: 1.1 | AL48: WD | AM48: FN | AN48: FN | AO48: FN | AP48: FN | AQ48: CD | AR48: 25 | AS48: *6
A49: V41 | B49: 40756 | C49: D | D49: 0.3 | E49: 0.32 | F49: FN | G49: 100 | H49: 0.6 | I49: 0.35 | J49: FN | K49: 100 | L49: 0.75 | M49: 0.36 | N49: FN | O49: 100 | P49: 0.9 | Q49: 0.25 | R49: FN | S49: 100 | T49: 1.2 | U49: 0.23 | V49: FN | W49: 100 | X49: 0 | Y49: 0 | Z49: 2 | AA49: 69 | AB49: 22 | AC49: 96 | AD49: 43 | AE49: 0.36 | AF49: 0.14 | AG49: 1.42 | AH49: 0.35 | AI49: 0.62 | AJ49: 0.15 | AK49: 1.24 | AL49: FN | AM49: FN | AN49: FN | AO49: FN | AP49: FN | AQ49: DE | AR49: 25 | AS49: 1.5 | AT49: 0.41
A50: V41 | B50: 40756 | C50: E | D50: 0.2 | E50: 0.09 | F50: FN | G50: 100 | H50: 0.4 | I50: 0.28 | J50: FN | K50: 100 | L50: 0.6 | M50: 0.19 | N50: FN | O50: 100 | P50: 0.8 | Q50: 0.18 | R50: FN | S50: 100 | T50: 1 | U50: 0.14 | V50: FN | W50: 100 | X50: 0 | Y50: 1 | Z50: 1 | AA50: 63 | AB50: 52 | AC50: 6 | AD50: 60 | AE50: 0.19 | AF50: 0 | AG50: 1.21 | AH50: 0.16 | AI50: 0.08 | AJ50: 0.24 | AK50: 4.43 | AL50: FN | AM50: FN | AN50: FN | AO50: FN | AP50: FN
A51: V41 | B51: 40756 | C51: F | D51: 0.1 | E51: 0.04 | F51: GF | G51: 90 | H51: 0.3 | I51: 0.11 | J51: FN | K51: 100 | L51: 0.5 | M51: 0.13 | N51: FN | O51: 100 | P51: 0.7 | Q51: 0.19 | R51: FN | S51: 100 | T51: 0.9 | U51: *1 | V51: FN | W51: 100 | X51: 0 | Y51: 0 | Z51: 3 | AA51: 96 | AB51: 96 | AC51: 96 | AD51: 52 | AE51: 0.11 | AF51: 0.5 | AG51: 1.11 | AH51: 0.1 | AI51: 0.13 | AJ51: 0.17 | AK51: 1.5 | AL51: FN | AM51: FN | AN51: FN | AO51: FN | AP51: FN
A52: V41 | B52: 40756 | C52: G | D52: 0.2 | E52: 0.09 | F52: FN | G52: 100 | H52: 0.4 | I52: 0.15 | J52: FN | K52: 100 | L52: 0.6 | M52: 0.18 | N52: FN | O52: 100 | P52: 0.8 | Q52: 0.17 | R52: SA | S52: 100 | T52: 1 | U52: 0.1 | V52: SA | W52: 100 | X52: 0 | Y52: 0 | Z52: 2 | AA52: 0 | AB52: 72 | AC52: 8 | AD52: 76 | AE52: 0 | AF52: 0.26 | AG52: 1.2 | AH52: 0.15 | AI52: 0.1
A53: V21 | B53: 40752 | C53: A | D53: 0.2 | E53: 0.13 | F53: SA | G53: 100 | H53: 0.6 | I53: 0.17 | J53: SA | K53: 100 | L53: 1 | M53: 0.17 | N53: GF | O53: 0 | P53: 1.4 | Q53: 0.14 | R53: SA | S53: 100 | T53: 1.8 | U53: 6 | V53: SA | W53: 100 | X53: 0 | Y53: 1 | Z53: 2 | AA53: 96 | AB53: 96 | AC53: 96 | AD53: 96 | AE53: 0.2 | AF53: 0 | AG53: 1.98 | AH53: 0.16 | AI53: 0.23 | AJ53: 0.1 | AK53: 3 | AL53: CB | AM53: SB | AN53: CB | AO53: SB | AP53: GC
A54: V21 | B54: 40752 | C54: B | D54: 0.5 | E54: 0.19 | F54: SA | G54: 100 | H54: 1 | I54: 0.29 | J54: SA | K54: 100 | L54: 1.2 | M54: 0.21 | N54: SA | O54: 100 | P54: 1.4 | Q54: 0.27 | R54: SA | S54: 100 | T54: 1.9 | U54: 0.13 | V54: SA | W54: 100 | X54: 0 | Y54: 1 | Z54: 3 | AA54: 96 | AB54: 46 | AC54: 56 | AD54: 96 | AE54: 0 | AF54: 0 | AG54: 2.4 | AH54: 0.22 | AI54: 0.21 | AJ54: 0.17 | AK54: 1.64 | AL54: GF | AM54: GF | AN54: WD | AO54: WD | AP54: SA
A55: V21 | B55: 40752 | C55: C | D55: 0.2 | E55: 0.39 | F55: SA | G55: 100 | H55: 0.6 | I55: 0.26 | J55: SA | K55: 100 | L55: 0.9 | M55: 0.25 | N55: SA | O55: 100 | P55: 1.2 | Q55: 0.17 | R55: SA | S55: 100 | T55: 1.6 | U55: 0.07 | V55: SA | W55: 100 | X55: 0 | Y55: 2 | Z55: 4 | AA55: 92 | AB55: 96 | AC55: 72 | AD55: 96 | AE55: 0 | AF55: 0 | AG55: 1.76 | AH55: 0.36 | AI55: 0.22 | AJ55: 0.24 | AK55: 1.17 | AL55: GF | AM55: GC | AN55: GC | AO55: GC | AP55: CB
A56: V21 | B56: 40752 | C56: D | D56: 0.2 | E56: 0.14 | F56: SA | G56: 100 | H56: 0.6 | I56: 0.23 | J56: GC | K56: 0 | L56: 1 | M56: 0.21 | N56: GF | O56: 0 | P56: 1.4 | Q56: 0.14 | R56: WD | S56: 0 | T56: 1.8 | U56: 0.04 | V56: SA | W56: 100 | X56: 0 | Y56: 2 | Z56: 3 | AA56: 96 | AB56: 96 | AC56: 96 | AD56: 68 | AE56: 0 | AF56: 0 | AG56: 1.89 | AH56: 0.14 | AI56: 0.89 | AJ56: 0.29 | AK56: 2.09 | AL56: FN | AM56: SA | AN56: SA | AO56: GC | AP56: GC | AQ56: DE | AR56: 2 | AS56: 2.09 | AT56: 0.29 | AU56: DE | AV56: .1-.3 | AW56: 1.5-5 | AX56: 1
A57: V21 | B57: 40752 | C57: E | D57: 0.1 | E57: *1 | F57: SA | G57: 100 | H57: 0.7 | I57: 0.14 | J57: GC | K57: 10 | L57: 1.25 | M57: 0.11 | N57: GC | O57: 10 | P57: 1.8 | Q57: 0.11 | R57: GF | S57: 10 | T57: 2.4 | U57: 0.19 | V57: FN | W57: 100 | X57: 0 | Y57: 1 | Z57: 2 | AA57: 8 | AB57: 0 | AC57: 12 | AD57: 8 | AE57: 0.34 | AF57: 0 | AG57: 2.5 | AH57: 0.1 | AI57: 0.83 | AJ57: 0.14 | AK57: 1.14 | AL57: GC | AM57: GC | AN57: GC | AO57: GC | AP57: GC
A58: V21 | B58: 40752 | C58: F | D58: 0.4 | E58: 0.2 | F58: SA | G58: 100 | H58: 0.8 | I58: 0.2 | J58: CB | K58: 90 | L58: 1 | M58: 0.17 | N58: SA | O58: 100 | P58: 1.2 | Q58: 0.16 | R58: SA | S58: 100 | T58: 1.6 | U58: 0.14 | V58: SA | W58: 100 | X58: 0 | Y58: 1 | Z58: 2 | AA58: 12 | AB58: 96 | AC58: 76 | AD58: 68 | AE58: 0 | AF58: 0.44 | AG58: 1.88 | AH58: 0.18 | AI58: 0.28 | AJ58: 0.17 | AK58: 1.92 | AL58: CB | AM58: CB | AN58: C | AO58: CB | AP58: CB
A59: V21 | B59: 40752 | C59: G | D59: 0.2 | E59: 0.12 | F59: CB | G59: 20 | H59: 0.4 | I59: 0.07 | J59: CB | K59: 0 | L59: 0.6 | M59: 0.07 | N59: CB | O59: 0 | P59: 0.8 | Q59: 0.11 | R59: GF | S59: 0 | T59: 1 | U59: 0.09 | V59: GF | W59: 0 | X59: 0 | Y59: 2 | Z59: 4 | AA59: 96 | AB59: 96 | AC59: 58 | AD59: 47 | AE59: 0.1 | AF59: 0.1 | AG59: 1.14 | AH59: 0.12 | AI59: 0.77
A60: V21 | B60: 40752 | C60: A | D60: 0.1 | E60: 0.14 | F60: SA | G60: 100 | H60: 0.3 | I60: 0.12 | J60: SA | K60: 100 | L60: 0.5 | M60: 0.14 | N60: GF | O60: 10 | P60: 0.7 | Q60: 0.11 | R60: SA | S60: 100 | T60: 0.8 | U60: 0.1 | V60: SA | W60: 100 | X60: 0 | Y60: 2 | Z60: 2 | AA60: 28 | AB60: 52 | AC60: 40 | AD60: 60 | AE60: 0 | AF60: 0 | AG60: 0.88 | AH60: 0.1 | AI60: 0.23 | AJ60: 0.14 | AK60: 1 | AL60: SA | AM60: GF | AN60: CB | AO60: GC | AP60: GC
A61: V21 | B61: 40752 | C61: B | D61: 0.2 | E61: 0.11 | F61: GF | G61: 10 | H61: 0.4 | I61: 0.14 | J61: GF | K61: 30 | L61: 0.5 | M61: 0.14 | N61: GF | O61: 30 | P61: 0.6 | Q61: 0.14 | R61: SA | S61: 100 | T61: 0.8 | U61: 0.08 | V61: SA | W61: 100 | X61: 0 | Y61: 1 | Z61: 3 | AA61: 15 | AB61: 76 | AC61: 46 | AD61: 96 | AE61: 0.09 | AF61: 0.23 | AG61: 1.04 | AH61: 0.14 | AI61: 0.34 | AJ61: 0.1 | AK61: 1.29 | AL61: GC | AM61: GC | AN61: GC | AO61: GC | AP61: GC
A62: V21 | B62: 40752 | C62: C | D62: 0.05 | E62: 0.05 | F62: SA | G62: 100 | H62: 0.2 | I62: 0.03 | J62: CB | K62: 40 | L62: 0.45 | M62: 0.14 | N62: GC | O62: 60 | P62: 0.6 | Q62: 0.05 | R62: CB | S62: 20 | T62: 0.85 | U62: 0.05 | V62: GC | W62: 30 | X62: 0 | Y62: 1 | Z62: 2 | AA62: 3 | AB62: 58 | AC62: 0 | AD62: 82 | AE62: 0 | AF62: 0.04 | AG62: 0.91 | AH62: 0.12 | AI62: 0.4 | AJ62: 0.22 | AK62: 1.79 | AL62: SA | AM62: SA | AN62: SA | AO62: SA | AP62: SA | AQ62: CD | AR62: 1.38 | AS62: 1.79 | AT62: 0.22
A63: V21 | B63: 40752 | AQ63: CD | AR63: 2.23 | AS63: 1.12 | AT63: 0.37
A64: V21 | B64: 40752 | C64: D | D64: 0.1 | E64: *1 | F64: CB | G64: 10 | H64: 0.4 | I64: 0.48 | J64: GC | K64: 70 | L64: 0.7 | M64: 0.08 | N64: SA | O64: 100 | P64: 1 | Q64: 0.09 | R64: SA | S64: 100 | T64: 1.3 | U64: *1 | V64: SA | W64: 100 | X64: 0 | Y64: 0 | Z64: 4 | AA64: 70 | AB64: 24 | AC64: 40 | AD64: 52 | AE64: 0.38 | AF64: 0.14 | AG64: 1.45 | AH64: 0.19 | AI64: 0.24 | AJ64: 0.13 | AK64: 1.18 | AL64: CB | AM64: GC | AN64: CB | AO64: SA | AP64: CB | AY64: Large rock split channel in two, second flow: .25 m/s
A65: V21 | B65: 40752 | C65: E | D65: 0.1 | E65: 0 | F65: SB | G65: 0 | H65: 0.2 | I65: 0.22 | J65: SB | K65: 0 | L65: 0.3 | M65: 0.22 | N65: SA | O65: 100 | P65: 0.7 | Q65: *1 | R65: SB | S65: 10 | T65: 0.9 | U65: *1 | V65: SB | W65: 10 | X65: 1 | Y65: 2 | Z65: 3 | AA65: 79 | AB65: 76 | AC65: 63 | AD65: 44 | AE65: 0 | AF65: 0.45 | AG65: 1 | AH65: 0.2 | AI65: 0.363 | AJ65: 0.2 | AK65: 1.12 | AL65: SA | AM65: SB | AN65: SA | AO65: SA | AP65: SA
A66: V21 | B66: 40752 | C66: F | D66: 0.2 | E66: 0.05 | F66: GC | G66: 30 | H66: 0.4 | I66: 0.07 | J66: GC | K66: 30 | L66: 0.6 | M66: 0.12 | N66: SA | O66: 100 | P66: 0.8 | Q66: 0.12 | R66: SA | S66: 100 | T66: 1 | U66: 0.07 | V66: SA | W66: 100 | X66: 0 | Y66: 1 | Z66: 4 | AA66: 96 | AB66: 88 | AC66: 96 | AD66: 96 | AE66: 0 | AF66: 0.24 | AG66: 1.05 | AH66: 0.1 | AI66: 0.2
A67: V21 | B67: 40752 | C67: G | D67: 0.25 | E67: *1 | F67: CB | G67: 10 | H67: 0.5 | I67: 0.1 | J67: CB | K67: 10 | L67: 0.75 | M67: 0.06 | N67: GC | O67: 20 | P67: 1 | Q67: 0 | R67: CB | S67: 10 | T67: 1.25 | U67: *1 | V67: CB | W67: 10 | X67: 0 | Y67: 1 | Z67: 4 | AA67: 79 | AB67: 68 | AC67: 96 | AD67: 93 | AE67: 0.52 | AF67: 0.35 | AG67: 1.36 | AH67: 0.08 | AI67: 0.5
A68: V04 | B68: 40730 | C68: F | D68: 0.16 | E68: 0.08 | F68: GF | G68: 0 | H68: 0.29 | I68: 0.07 | J68: CB | K68: 75 | L68: 0.42 | M68: 0.1 | N68: CB | O68: 50 | P68: 0.61 | Q68: 0.13 | R68: GC | S68: 0 | T68: 0.78 | U68: 0.13 | V68: SA | W68: 100 | X68: 0 | Y68: 1 | Z68: 4 | AE68: 0.17 | AF68: 0.32 | AG68: 1.58 | AH68: 0.13 | AI68: 0.6 | AJ68: 0.29 | AK68: 0.57 | AL68: SB | AM68: SB | AN68: SB | AO68: SB | AP68: CB
A69: V04 | B69: 40730 | C69: C | D69: 0.5 | E69: 0.15 | F69: GF | G69: 0 | H69: 0.6 | I69: 0.12 | J69: CB | K69: 50 | L69: 0.7 | M69: 0.18 | N69: GF | O69: 0 | P69: 0.8 | Q69: 0.24 | R69: CB | S69: 50 | T69: 0.9 | U69: 0.25 | V69: FN | W69: 100 | X69: 0 | Y69: 1 | Z69: 4 | AE69: 0.41 | AF69: 0.41 | AG69: 1.51 | AH69: 0.25 | AI69: 0.05 | AJ69: 0.33 | AK69: 1.29 | AL69: SA | AM69: SA | AN69: CB | AO69: CB | AP69: GF
A70: V04 | B70: 40730 | C70: E | D70: 0.32 | E70: 0.19 | F70: SA | G70: 100 | H70: 0.46 | I70: 0.23 | J70: SA | K70: 100 | L70: 0.56 | M70: 0.14 | N70: SB | O70: 50 | P70: 0.74 | Q70: 0.15 | R70: SA | S70: 100 | T70: 0.92 | U70: 0.16 | V70: SA | W70: 100 | X70: 0 | Y70: 0 | Z70: 4 | AE70: 0.35 | AF70: 0 | AG70: 1.14 | AH70: 0.23 | AI70: 0.15 | AJ70: 0.22 | AK70: 1.26 | AL70: SA | AM70: CB | AN70: SA | AO70: SA | AP70: CB | AY70: Ridiculous stream: willow choked and too many flies
A71: V04 | B71: 40730 | C71: D | D71: 0.34 | E71: 0.17 | F71: GC | G71: 0 | H71: 0.44 | I71: 0.17 | J71: GC | K71: 0 | L71: 0.54 | M71: 0.2 | N71: SB | O71: 0 | P71: 0.74 | Q71: 0.11 | R71: CB | S71: 0 | T71: 0.84 | U71: 0.07 | V71: CB | W71: 0 | X71: 0 | Y71: 1 | Z71: 2 | AE71: 0.22 | AF71: 0.12 | AG71: 1.21 | AH71: 0.17 | AI71: 0.24 | AJ71: 0.18 | AK71: 1.63 | AL71: SA | AM71: GC | AN71: GF | AO71: GF | AP71: GF
A72: V04 | B72: 40730 | C72: B | D72: 0.3 | E72: 0.3 | F72: CB | G72: 50 | H72: 0.6 | I72: 0 | J72: CB | K72: 20 | L72: 0.9 | M72: 0.06 | N72: CB | O72: 20 | P72: 1.2 | Q72: 0.17 | R72: CB | S72: 90 | T72: 1.5 | U72: 0.13 | V72: SA | W72: 100 | X72: 0 | Y72: 2 | Z72: 4 | AE72: 0.05 | AF72: 0.44 | AG72: 1.66 | AH72: 0.2 | AI72: 0.17 | AJ72: 1.7 | AK72: 1.3 | AL72: CB | AM72: CB | AN72: CB | AO72: GF | AP72: CB | AU72: BC | AV72: .1-.3 | AW72: 1.5-5 | AX72: 1
A73: V04 | B73: 40730 | C73: A | D73: 0.15 | E73: 0.09 | F73: CB | G73: 50 | H73: 0.3 | I73: 0.19 | J73: SA | K73: 100 | L73: 0.45 | M73: 0.19 | N73: GC | O73: 0 | P73: 0.6 | Q73: 0.2 | R73: GF | S73: 0 | T73: 0.8 | U73: 0.1 | V73: CB | W73: 0 | X73: 1 | Y73: 1 | Z73: 4 | AE73: 0.13 | AF73: 0.13 | AG73: 1.11 | AH73: 0.22 | AI73: 0.31 | AJ73: 0.19 | AK73: 1.5 | AL73: SA | AM73: SA | AN73: CB | AO73: GF | AP73: SB
A74: V04 | B74: 40730 | C74: G | D74: 0.22 | E74: 0.17 | F74: GC | G74: 0 | H74: 0.34 | I74: 0.18 | J74: SA | K74: 100 | L74: 0.44 | M74: 0.11 | N74: CB | O74: 60 | P74: 0.59 | Q74: 0.15 | R74: GC | S74: 0 | T74: 0.7 | U74: 0.08 | V74: CB | W74: 0 | X74: 0 | Y74: 2 | Z74: 4 | AE74: 0.18 | AF74: 0.32 | AG74: 1.11 | AH74: 0.18 | AI74: 0.25
A75: V05 | B75: 40731 | C75: A | D75: 0 | E75: 0.02 | F75: SA | G75: 100 | H75: =11*0.025 -> 0.275 | I75: =4*0.025 -> 0.1 | J75: CG | K75: 40 | L75: =20*0.025 -> 0.5 | M75: =3*0.025 -> 0.075 | N75: GF | O75: 50 | P75: =31*0.025 -> 0.775 | Q75: =3.5*0.025 -> 0.0875 | R75: GF | S75: 50 | T75: =50*0.025 -> 1.25 | U75: 0.03 | V75: SA | W75: 100 | X75: 0 | Y75: 1 | Z75: 2 | AE75: 0 | AF75: 0.025 | AG75: 1.25 | AH75: =5*0.025 -> 0.125 | AI75: 0.41 | AJ75: 0.125 | AK75: 1.25 | AL75: SA | AM75: SA | AN75: SA | AO75: SA | AP75: SA | AQ75: AB | AR75: =36*0.025 -> 0.9 | AS75: =36*0.025 -> 0.9 | AT75: =15*0.025 -> 0.375
A76: V05 | B76: 40731 | C76: B | D76: 0 | E76: 0.025 | F76: FN | G76: 100 | H76: =8*0.025 -> 0.2 | I76: =10*0.025 -> 0.25 | J76: SA | K76: 100 | L76: =20*0.025 -> 0.5 | M76: =14*0.025 -> 0.35 | N76: SA | O76: 100 | P76: =26*0.025 -> 0.65 | Q76: *1 | R76: sa | S76: 100 | T76: =34*0.025 -> 0.85 | U76: *1 | V76: SA | W76: 100 | X76: 0 | Y76: 0 | Z76: 2 | AE76: 0 | AF76: =15*0.025 -> 0.375 | AG76: =34*0.025 -> 0.85 | AH76: =11*0.025 -> 0.275 | AI76: 0.28 | AJ76: =14*0.025 -> 0.35 | AK76: 0.85 | AL76: FN | AM76: FN | AN76: FN | AO76: FN | AP76: FN | AQ76: AB | AR76: =49*0.025 -> 1.225 | AS76: =42*0.025 -> 1.05 | AT76: =10*0.025 -> 0.25 | AU76: AB | AV76: ..8 | AW76: 1.5-5 | AX76: 1
A77: V05 | B77: 40731 | C77: B | AQ77: BC | AR77: =48*0.025 -> 1.2 | AS77: =57*0.025 -> 1.425 | AT77: =11*0.025 -> 0.275
A78: V05 | B78: 40731 | C78: C | D78: 0 | E78: =1.5*0.025 -> 0.0375 | F78: FN | G78: 100 | H78: =7*0.025 -> 0.175 | I78: =11*0.025 -> 0.275 | J78: SA | K78: 100 | L78: =19*0.025 -> 0.475 | M78: =17.5*0.025 -> 0.4375 | N78: SA | O78: 100 | P78: =28*0.025 -> 0.7 | Q78: =16*0.025 -> 0.4 | R78: SA | S78: 100 | T78: =34*0.025 -> 0.85 | U78: =11.5*0.025 -> 0.2875 | V78: FN | W78: 100 | X78: 0 | Y78: 0 | Z78: 2 | AE78: =4*0.025 -> 0.1 | AF78: 0 | AG78: =34*0.025 -> 0.85 | AH78: =20*0.025 -> 0.5 | AI78: 0.17 | AJ78: =21*0.025 -> 0.525 | AK78: =52*0.025 -> 1.3 | AL78: FN | AM78: FN | AN78: FN | AO78: FN | AP78: FN | AQ78: BC | AR78: 1.2 | AS78: =45*0.025 -> 1.125 | AT78: =21*0.025 -> 0.525
A79: V05 | B79: 40731 | C79: C | AQ79: CD | AR79: =36*0.025 -> 0.9 | AS79: =19*0.025 -> 0.475 | AT79: =26*0.025 -> 0.65
A80: V05 | B80: 40731 | C80: C | AQ80: CD | AR80: =24*0.025 -> 0.6 | AS80: =25*0.025 -> 0.625 | AT80: =22*0.025 -> 0.55
A81: V05 | B81: 40731 | C81: C | AQ81: CD | AR81: =24*0.025 -> 0.6 | AS81: =52*0.025 -> 1.3 | AT81: =17*0.025 -> 0.425
A82: V05 | B82: 40731 | C82: C | AQ82: CD | AR82: =48*0.025 -> 1.2 | AS82: =52*0.025 -> 1.3 | AT82: =16*0.025 -> 0.4
A83: V05 | B83: 40731 | C83: C | AQ83: CD | AR83: =36*0.025 -> 0.9 | AS83: =77*0.025 -> 1.925 | AT83: =16*0.025 -> 0.4
A84: V05 | B84: 40731 | C84: D | D84: 0 | E84: =19*0.025 -> 0.475 | F84: FN | G84: 100 | H84: =9*0.025 -> 0.225 | I84: =1.5*0.025 -> 0.0375 | J84: FN | K84: 100 | L84: =20*0.025 -> 0.5 | M84: =15*0.025 -> 0.375 | N84: FN | O84: 100 | P84: =29*0.025 -> 0.725 | Q84: =10*0.025 -> 0.25 | R84: FN | S84: 100 | T84: =40*0.025 -> 1 | U84: =29*0.025 -> 0.725 | V84: FN | W84: 100 | X84: 0 | Y84: 0 | Z84: 1 | AE84: =3*0.025 -> 0.075 | AF84: 0 | AG84: =40*0.025 -> 1 | AH84: =11*0.025 -> 0.275 | AI84: 0.78 | AJ84: =13*0.025 -> 0.325 | AK84: =37*0.025 -> 0.925 | AL84: SA | AM84: SA | AN84: SA | AO84: SA | AP84: SA | AQ84: DE | AR84: =72*0.025 -> 1.8 | AS84: =75*0.025 -> 1.875 | AT84: =17*0.025 -> 0.425
A85: V05 | B85: 40731 | C85: D | AQ85: DE | AR85: =78*0.025 -> 1.95 | AS85: =48*0.025 -> 1.2 | AT85: =8*0.025 -> 0.2
A86: V05 | B86: 40731 | C86: E | D86: 0 | E86: *1 | F86: SA | G86: 100 | H86: =7*0.025 -> 0.175 | I86: =11*0.025 -> 0.275 | J86: SA | K86: 100 | L86: =15*0.025 -> 0.375 | M86: 0.275 | N86: GF | O86: 80 | P86: =21*0.025 -> 0.525 | Q86: 0.275 | R86: SA | S86: 100 | T86: *1 | U86: *1 | V86: SA | W86: 100 | X86: 0 | Y86: 0 | Z86: 1 | AE86: =7*0.025 -> 0.175 | AF86: =5*0.025 -> 0.125 | AG86: =19*0.025 -> 0.475 | AH86: =11*0.025 -> 0.275 | AI86: 0.91 | AJ86: =9.5*0.025 -> 0.2375 | AK86: =79*0.025 -> 1.975 | AL86: SA | AM86: SA | AN86: SA | AO86: SA | AP86: SA | AQ86: FG | AR86: =21*0.025 -> 0.525 | AS86: =81*0.025 -> 2.025 | AT86: =8*0.025 -> 0.2
A87: V05 | B87: 40731 | C87: F | D87: 0 | E87: =5*0.025 -> 0.125 | F87: SA | G87: 100 | H87: =11*0.025 -> 0.275 | I87: =8*0.025 -> 0.2 | J87: SA | K87: 100 | L87: =22*0.025 -> 0.55 | M87: =8.5*0.025 -> 0.2125 | N87: SA | O87: 100 | P87: =29*0.025 -> 0.725 | Q87: =8*0.025 -> 0.2 | R87: SA | S87: 100 | T87: =38*0.025 -> 0.95 | U87: 0.05 | V87: SA | W87: 100 | X87: 0 | Y87: 0 | Z87: 0 | AE87: 0 | AF87: =14*0.025 -> 0.35 | AG87: =38*0.025 -> 0.95 | AH87: =9*0.025 -> 0.225 | AI87: 0.92 | AJ87: =65*0.025 -> 1.625 | AK87: =26*0.025 -> 0.65 | AL87: FN | AM87: FN | AN87: FN | AO87: FN | AP87: FN | AQ87: EF | AR87: =60*0.025 -> 1.5 | AS87: =36*0.025 -> 0.9 | AT87: =9*0.025 -> 0.225
A88: V05 | B88: 40731 | C88: G | D88: 0 | E88: *1 | F88: FN | G88: 100 | H88: =6*0.025 -> 0.15 | I88: =11.5*0.025 -> 0.2875 | J88: FN | K88: 100 | L88: =12*0.025 -> 0.3 | M88: =14*0.025 -> 0.35 | N88: FN | O88: 100 | P88: =20*0.025 -> 0.5 | Q88: =15*0.025 -> 0.375 | R88: FN | S88: 100 | T88: *1 | U88: *1 | V88: FN | W88: 100 | X88: 0 | Y88: 0 | Z88: 0 | AE88: =3*0.025 -> 0.075 | AF88: 0.08 | AG88: =25*0.025 -> 0.625 | AH88: =13*0.025 -> 0.325 | AI88: 0.59
A89: V06 | B89: 40735 | C89: A | D89: 0 | E89: 0.14 | F89: GC | G89: 50 | H89: 0.25 | I89: 0.18 | J89: GC | K89: 50 | L89: 0.5 | M89: 0.21 | N89: GC | O89: 0 | P89: 0.75 | Q89: 0.17 | R89: GC | S89: 0 | T89: 1 | U89: 0.14 | V89: GC | W89: 0 | X89: 0 | Y89: 1 | Z89: 2 | AE89: 0.11 | AF89: 0 | AG89: 1 | AH89: 0.235 | AI89: 0.5 | AJ89: 0.09 | AK89: 1.79 | AL89: GC | AM89: GC | AN89: GC | AO89: GC | AP89: GC
A90: V06 | B90: 40735 | C90: B | D90: 0 | E90: 0.13 | F90: GC | G90: 0 | H90: 0.255 | I90: 0.13 | J90: GC | K90: 0 | L90: 0.51 | M90: 0.12 | N90: GC | O90: 0 | P90: 0.755 | Q90: 0.05 | R90: GC | S90: 0 | T90: 1.02 | U90: 0.03 | V90: GC | W90: 0 | X90: 0 | Y90: 1 | Z90: 3 | AE90: 0.51 | AF90: 0 | AG90: 1.02 | AH90: 0.15 | AI90: 0.2 | AJ90: 0.1 | AK90: 1.09 | AL90: GC | AM90: GC | AN90: GC | AO90: GC | AP90: GC
A91: V06 | B91: 40735 | C91: C | D91: 0 | E91: 0.04 | F91: GF | G91: 0 | I91: 0.07 | J91: GF | K91: 0 | L91: 0.63 | M91: 0.1 | N91: GC | O91: 0 | Q91: 0.1 | R91: GC | S91: 0 | T91: 1.26 | U91: 0.07 | V91: GC | W91: 0 | X91: 0 | Y91: 0 | Z91: 1 | AE91: 0 | AF91: 0 | AG91: 1.26 | AH91: 0.1 | AI91: 0.6 | AJ91: 0.13 | AK91: 1.79 | AL91: GC | AM91: GC | AN91: GC | AO91: GC | AP91: GC
A92: V06 | B92: 40735 | C92: D | D92: 0 | E92: 0.11 | F92: GC | G92: 0 | I92: 0.13 | J92: GC | K92: 0 | L92: 0.48 | M92: 0.2 | N92: GC | O92: 0 | Q92: 0.13 | R92: GC | S92: 0 | T92: 0.96 | U92: 0.23 | V92: GC | W92: 0 | X92: 0 | Y92: 0 | Z92: 2 | AE92: 0.14 | AF92: 0.25 | AG92: 0.96 | AH92: 0.22 | AI92: 0.32 | AJ92: 2 | AK92: 0.56 | AL92: GC | AM92: GC | AN92: GC | AO92: GC | AP92: GC | AQ92: DE | AR92: 2.5 | AS92: 1.5 | AT92: 0.13
A93: V06 | B93: 40735 | C93: E | D93: 0 | E93: 0.01 | F93: FN | G93: 100 | I93: 0.16 | J93: FN | K93: 100 | L93: 0.62 | M93: 0.26 | N93: GF | O93: 0 | Q93: 0.23 | R93: PT | S93: 1 | T93: 1.24 | U93: 0.06 | V93: WD | X93: 0 | Y93: 1 | Z93: 0 | AE93: 0 | AF93: 0 | AG93: 1.24 | AH93: 0.26 | AI93: 0.15 | AJ93: 0.34 | AK93: 2.34 | AL93: FN | AM93: FN | AN93: GC | AO93: FN | AP93: FN
A94: V06 | B94: 40735 | C94: F | D94: 0 | E94: 0.06 | F94: GC | G94: 0 | I94: 0.06 | J94: GC | K94: 0 | L94: 0.54 | M94: 0.08 | N94: GC | O94: 0 | Q94: 0.1 | R94: GC | S94: 0 | T94: 5 | U94: 0.34 | V94: GF | W94: 0 | X94: 0 | Y94: 0 | Z94: 2 | AE94: 0 | AF94: 0.15 | AG94: 1.18 | AH94: 0.13 | AI94: 0.36 | AJ94: 0.11 | AK94: 0.78 | AL94: GC | AM94: GC | AN94: SB | AO94: GC | AP94: GC | AQ94: FG | AR94: 3.2 | AS94: 0.36 | AT94: 0.05
A95: V06 | B95: 40735 | C95: G | D95: 0 | E95: 0.09 | F95: FN | G95: 100 | I95: 0.09 | J95: FN | K95: 100 | L95: 0.53 | M95: 0.1 | N95: GF | O95: 0 | Q95: 0.12 | R95: GF | S95: 0 | T95: 1.6 | U95: 0.1 | V95: FN | W95: 100 | X95: 0 | Y95: 0 | Z95: 2 | AE95: 0.06 | AF95: 0 | AG95: 1.06 | AH95: 0.13 | AI95: 0.4 | AJ95: 0.25 | AK95: 1.42 | AL95: SB | AM95: SB | AN95: SB | AO95: FN | AP95: FN
A96: V07 | B96: 40735 | C96: A | D96: 0 | E96: 0.1 | F96: GC | G96: 50 | H96: 0.35 | I96: 0.32 | J96: GF | K96: 80 | L96: 0.65 | M96: 0.2 | N96: GC | O96: 30 | P96: 0.93 | Q96: 0.53 | R96: GC | S96: 50 | T96: 1.15 | U96: 0.34 | V96: GC | W96: 50 | X96: 0 | Y96: 2 | Z96: 1 | AE96: 0.27 | AF96: 0.1 | AG96: 1.15 | AH96: 0.32 | AI96: 0.22 | AJ96: 0.25 | AK96: 0.92 | AL96: SA | AM96: SA | AN96: GC | AO96: GC | AP96: CB | AQ96: AB | AR96: 0.65 | AS96: 0.4 | AT96: 0.2
A97: V07 | B97: 40735 | C97: A | AQ97: AB | AR97: 1.6 | AS97: 0.5 | AT97: 0.07
A98: V07 | B98: 40735 | C98: A | AQ98: AB | AR98: 2 | AS98: 0.2 | AT98: 0.05
A99: V07 | B99: 40735 | C99: A | AQ99: AB | AR99: 1 | AS99: 0.4 | AT99: 0.16
A100: V07 | B100: 40735 | C100: B | D100: 0 | E100: 0.02 | F100: FN | G100: 100 | H100: 0.15 | I100: 0.22 | J100: FGF | K100: 70 | L100: 0.32 | M100: 0.22 | N100: GC | O100: 50 | P100: 0.45 | Q100: 0.23 | R100: GF | S100: 70 | T100: 0.65 | U100: 0.04 | V100: FN | W100: 100 | X100: 0 | Y100: 2 | Z100: 2 | AE100: 0.4 | AF100: 0 | AG100: 0.65 | AH100: 0.23 | AI100: 0.37 | AJ100: 1.3 | AK100: 0.23 | AL100: FN | AM100: FN | AN100: FN | AO100: FN | AP100: FN | AQ100: BC | AR100: 1.2 | AS100: 0.65 | AT100: 0.15
...

Sheet Form4-WaterDischarge
D1: Stream Discharge
A2: Site ID | B2: Date | C2: Time (HH:MM) | D2: Location (nearest transect) | E2: Dist from bank (cm) | F2: Depth (cm) | G2: Velocity (m/s) | H2: Water samples (number filtered & unfil.) | I2: Comment
A3: V43 | B3: 40779 | E3: 30 | F3: 7 | G3: 0.2 | I3: *No data sheet
A4: V42 | B4: 40773 | E4: 42 | F4: 7 | G4: 0.27 | H4: 2EA
A5: V42 | B5: 40773 | E5: 54 | F5: 8 | G5: 0.11 | H5: 2EA
A6: V42 | B6: 40773 | E6: 66 | F6: 9 | G6: 0.17 | H6: 2EA
A7: V42 | B7: 40773 | E7: 78 | F7: 9 | G7: 0.13 | H7: 2EA
A8: V42 | B8: 40773 | E8: 90 | F8: 9 | G8: 0.05 | H8: 2EA
A9: V42 | B9: 40773 | E9: 102 | F9: 8 | G9: 0.04 | H9: 2EA
A10: V42 | B10: 40773 | E10: 120 | F10: 7 | G10: 0.07 | H10: 2EA
A11: V42 | B11: 40773 | E11: 132 | F11: 6 | G11: 0.09 | H11: 2EA
A12: V42 | B12: 40773 | E12: 144 | F12: 45 | G12: 0.01 | H12: 2EA
A13: V26 | B13: 40767 | C13: 0.60416667 | D13: C | E13: 11 | F13: 5.5 | G13: 0 | H13: 2EA
A14: V26 | B14: 40767 | C14: 0.60416667 | D14: C | E14: 22 | F14: 7 | G14: 0.12 | H14: 2EA
A15: V26 | B15: 40767 | C15: 0.60416667 | D15: C | E15: 33 | F15: 9 | G15: 0.16 | H15: 2EA
A16: V26 | B16: 40767 | C16: 0.60416667 | D16: C | E16: 44 | F16: 8 | G16: 0.17 | H16: 2EA
A17: V26 | B17: 40767 | C17: 0.60416667 | D17: C | E17: 55 | F17: 12 | G17: 0.12 | H17: 2EA
A18: V26 | B18: 40767 | C18: 0.60416667 | D18: C | E18: 66 | F18: 12 | G18: 0.13 | H18: 2EA
A19: V26 | B19: 40767 | C19: 0.60416667 | D19: C | E19: 77 | F19: 11 | G19: 0.12 | H19: 2EA
A20: V26 | B20: 40767 | C20: 0.60416667 | D20: C | E20: 88 | F20: 10 | G20: 0.09 | H20: 2EA
A21: V26 | B21: 40767 | C21: 0.60416667 | D21: C | E21: 99 | F21: 6 | G21: 0 | H21: 2EA
A22: V26 | B22: 40767 | C22: 0.60416667 | D22: C | E22: 111 | F22: 0 | G22: 0 | H22: 2EA
A23: V30 | B23: 40767 | C23: 1430 | E23: 5 | F23: 1 | G23: 0 | H23: 2EA
A24: V30 | B24: 40767 | C24: 1430 | E24: 1 | F24: 5 | G24: 0.16 | H24: 2EA
A25: V30 | B25: 40767 | C25: 1430 | E25: 16 | F25: 6 | G25: 0.16 | H25: 2EA
A26: V30 | B26: 40767 | C26: 1430 | E26: 22 | F26: 6 | G26: 0.12 | H26: 2EA
A27: V30 | B27: 40767 | C27: 1430 | E27: 31 | F27: 7 | G27: 0.15 | H27: 2EA
A28: V30 | B28: 40767 | C28: 1430 | E28: 36 | F28: 4 | G28: 0 | H28: 2EA
A29: V30 | B29: 40767 | C29: 1430 | E29: 4 | F29: 1 | G29: 0 | H29: 2EA
A30: V24 | B30: 40771 | C30: 1232 | D30: D | E30: 12 | F30: 3 | G30: 0 | H30: 2EA
A31: V24 | B31: 40771 | C31: 1232 | D31: D | E31: 24 | F31: 10 | G31: 0.12 | H31: 2EA
A32: V24 | B32: 40771 | C32: 1232 | D32: D | E32: 36 | F32: 20 | G32: 0.17 | H32: 2EA
A33: V24 | B33: 40771 | C33: 1232 | D33: D | E33: 48 | F33: 40 | G33: 0.19 | H33: 2EA
A34: V24 | B34: 40771 | C34: 1232 | D34: D | E34: 60 | F34: 30 | G34: 0.17 | H34: 2EA
A35: V24 | B35: 40771 | C35: 1232 | D35: D | E35: 72 | F35: 30 | G35: 0.14 | H35: 2EA
A36: V24 | B36: 40771 | C36: 1232 | D36: D | E36: 84 | F36: 20 | G36: 0.13 | H36: 2EA
A37: V24 | B37: 40771 | C37: 1232 | D37: D | E37: 96 | F37: 10 | G37: 0.1 | H37: 2EA
A38: V24 | B38: 40771 | C38: 1232 | D38: D | E38: 108 | F38: 4 | G38: 0 | H38: 2EA
A39: V24 | B39: 40771 | C39: 1232 | D39: D | E39: 112 | F39: 1 | G39: 0 | H39: 2EA
A40: V25 | B40: 40764 | C40: 1034 | E40: 5 | F40: =0.2*12*2.54 -> 6.096 | G40: 0 | H40: 2EA
A41: V25 | B41: 40764 | C41: 1034 | E41: 30 | F41: =0.2*12*2.54 -> 6.096 | G41: 0.36 | H41: 2EA
A42: V25 | B42: 40764 | C42: 1034 | E42: 60 | F42: =0.3*12*2.54 -> 9.144 | G42: 0.46 | H42: 2EA
A43: V25 | B43: 40764 | C43: 1034 | E43: 78 | F43: =0.3*12*2.54 -> 9.144 | G43: 0.22 | H43: 2EA
A44: V25 | B44: 40764 | C44: 1034 | E44: 96 | F44: =0.15*12*2.54 -> 4.572 | G44: 0.25 | H44: 2EA
A45: V41 | B45: 40756 | C45: 0.45833333 | D45: E | E45: 20 | F45: 6 | G45: 0.12 | H45: 2EA
A46: V41 | B46: 40756 | C46: 0.45833333 | D46: E | E46: 40 | F46: 8 | G46: 0.16 | H46: 2EA
A47: V41 | B47: 40756 | C47: 0.45833333 | D47: E | E47: 60 | F47: 10 | G47: 0.15 | H47: 2EA
A48: V41 | B48: 40756 | C48: 0.45833333 | D48: E | E48: 80 | F48: 11 | G48: 0.06 | H48: 2EA
A49: V41 | B49: 40756 | C49: 0.45833333 | D49: E | E49: 100 | F49: 8 | G49: 0.09 | H49: 2EA
A50: V21 | B50: 40752 | C50: 0.54166667 | D50: E | E50: 40 | F50: 10 | G50: 0.87 | H50: 2EA
A51: V21 | B51: 40752 | C51: 0.54166667 | D51: E | E51: 80 | F51: 12 | G51: 1.01 | H51: 2EA
A52: V21 | B52: 40752 | C52: 0.54166667 | D52: E | E52: 120 | F52: 10 | G52: 0.48 | H52: 2EA
A53: V21 | B53: 40752 | C53: 0.54166667 | D53: E | E53: 160 | F53: 8 | G53: 0.28 | H53: 2EA
A54: V21 | B54: 40752 | C54: 0.54166667 | D54: E | E54: 180 | F54: 8 | G54: 0.31 | H54: 2EA
A55: V23 | B55: 40751 | C55: 0.39583333 | D55: C | E55: 12 | F55: 4 | G55: 0.24 | H55: 2EA
A56: V23 | B56: 40751 | C56: 0.39583333 | D56: C | E56: 27 | F56: 4 | G56: 0.68 | H56: 2EA
... A60: V23 | B60: 40751 | C60: 0.39583333 | D60: C | E60: 110 | F60: 0 | G60: 0 | H60: 2EA
A61: V04 | B61: 40730 | C61: 0.65555556 | E61: 7 | F61: 0 | G61: 0 | H61: 2EA
A62: V04 | B62: 40730 | C62: 0.65555556 | E62: 14 | F62: =0.2*12*2.54 -> 6.096 | G62: 0 | H62: 2EA
A63: V04 | B63: 40730 | C63: 0.65555556 | E63: 21 | F63: =0.2*12*2.54 -> 6.096 | G63: 0.14 | H63: 2EA
A64: V04 | B64: 40730 | C64: 0.65555556 | E64: 28 | F64: =0.3*12*2.54 -> 9.144 | G64: 0.19 | H64: 2EA
A65: V04 | B65: 40730 | C65: 0.65555556 | E65: 35 | F65: =0.3*12*2.54 -> 9.144 | G65: 0.3 | H65: 2EA
A66: V04 | B66: 40730 | C66: 0.65555556 | E66: 42 | F66: =0.3*12*2.54 -> 9.144 | G66: 0.22 | H66: 2EA
A67: V04 | B67: 40730 | C67: 0.65555556 | E67: 49 | F67: =0.3*12*2.54 -> 9.144 | G67: 0.52 | H67: 2EA
A68: V04 | B68: 40730 | C68: 0.65555556 | E68: 56 | F68: =0.3*12*2.54 -> 9.144 | G68: 0.44 | H68: 2EA
A69: V04 | B69: 40730 | C69: 0.65555556 | E69: 63 | F69: =0.4*12*2.54 -> 12.192 | G69: 0.29 | H69: 2EA
A70: V04 | B70: 40730 | C70: 0.65555556 | E70: 70 | F70: =0.3*12*2.54 -> 9.144 | G70: 0.2 | H70: 2EA | I70: 10cm undercut on R bank
A71: V05 | B71: 40731 | C71: 0.66666667 | D71: A | E71: 10 | F71: =1.5*12*2.54 -> 45.72 | G71: 0.41 | H71: 2EA
A72: V05 | B72: 40731 | C72: 0.66666667 | D72: A | E72: 20 | F72: =4*2.54 -> 10.16 | G72: 0.56 | H72: 2EA
A73: V05 | B73: 40731 | C73: 0.66666667 | D73: A | E73: 60 | F73: =3*2.54 -> 7.62 | G73: 0.11 | H73: 2EA
A74: V05 | B74: 40731 | C74: 0.66666667 | D74: A | E74: 75 | F74: =2*2.54 -> 5.08 | G74: 0.31 | H74: 2EA
A75: V06 | B75: 40735 | C75: 0.52777778 | D75: G | E75: 0 | F75: =0*12*2.54 -> 0 | G75: 0 | H75: 2EA
A76: V06 | B76: 40735 | C76: 0.52777778 | D76: G | E76: 20 | F76: =0.2*12*2.54 -> 6.096 | G76: 0.23 | H76: 2EA
A77: V06 | B77: 40735 | C77: 0.52777778 | D77: G | E77: 35 | F77: =0.2*12*2.54 -> 6.096 | G77: 0.25 | H77: 2EA
A78: V06 | B78: 40735 | C78: 0.52777778 | D78: G | E78: 50 | F78: =0.2*12*2.54 -> 6.096 | G78: 0.28 | H78: 2EA
A79: V06 | B79: 40735 | C79: 0.52777778 | D79: G | E79: 62 | F79: =0.2*12*2.54 -> 6.096 | G79: 0.3 | H79: 2EA
A80: V06 | B80: 40735 | C80: 0.52777778 | D80: G | E80: 72 | F80: =0.2*12*2.54 -> 6.096 | G80: 0.32 | H80: 2EA
A81: V06 | B81: 40735 | C81: 0.52777778 | D81: G | E81: 87 | F81: =0.2*12*2.54 -> 6.096 | G81: 0.28 | H81: 2EA
A82: V06 | B82: 40735 | C82: 0.52777778 | D82: G | E82: 100 | F82: =0.2*12*2.54 -> 6.096 | G82: 0.08 | H82: 2EA
A83: V07 | B83: 40735 | C83: 0.58333333 | H83: 2EA | I83: NO FLOW DATA
A84: V02 | B84: 40723 | C84: 0.47916667 | E84: 0 | F84: =0.1*12*2.54 -> 3.048 | G84: 0.01 | H84: 2EA
A85: V02 | B85: 40723 | C85: 0.47916667 | E85: 40 | F85: =0.1*12*2.54 -> 3.048 | G85: 0.06 | H85: 2EA
A86: V02 | B86: 40723 | C86: 0.47916667 | E86: 80 | F86: =0.1*12*2.54 -> 3.048 | G86: 0.15 | H86: 2EA
A87: V02 | B87: 40723 | C87: 0.47916667 | E87: 120 | F87: =0.05*12*2.54 -> 1.524 | G87: 0.16 | H87: 2EA
A88: V02 | B88: 40723 | C88: 0.47916667 | E88: 160 | F88: =0.2*12*2.54 -> 6.096 | G88: 0.23 | H88: 2EA
A89: V02 | B89: 40723 | C89: 0.47916667 | E89: 200 | F89: =0.5*12*2.54 -> 15.24 | G89: 0.32 | H89: 2EA
A90: V02 | B90: 40723 | C90: 0.47916667 | F90: 0.1 | G90: 0.02 | H90: 2EA
A91: V01 | B91: 40722 | C91: 0.4375 | H91: 2EA | I91: NO FLOW DATA
A92: V03 | B92: 40729 | C92: 0.64652778 | E92: 0 | F92: 0 | G92: 0 | H92: 2EA
A93: V03 | B93: 40729 | C93: 0.64652778 | E93: 20 | F93: =0.2*12*2.54 -> 6.096 | G93: 0 | H93: 2EA
A94: V03 | B94: 40729 | C94: 0.64652778 | E94: 40 | F94: =0.3*12*2.54 -> 9.144 | G94: 0 | H94: 2EA
A95: V03 | B95: 40729 | C95: 0.64652778 | E95: 60 | F95: =0.6*12*2.54 -> 18.288 | G95: 0.03 | H95: 2EA
A96: V03 | B96: 40729 | C96: 0.64652778 | E96: 80 | F96: =0.7*12*2.54 -> 21.336 | G96: 0.07 | H96: 2EA
A97: V03 | B97: 40729 | C97: 0.64652778 | E97: 100 | F97: =0.8*12*2.54 -> 24.384 | G97: 0.05 | H97: 2EA
A98: V03 | B98: 40729 | C98: 0.64652778 | E98: 120 | F98: =0.9*12*2.54 -> 27.432 | G98: 0.05 | H98: 2EA
A99: V03 | B99: 40729 | C99: 0.64652778 | E99: 140 | F99: =1.1*12*2.54 -> 33.528 | G99: 0.05 | H99: 2EA
A100: V03 | B100: 40729 | C100: 0.64652778 | E100: 160 | F100: =1.2*12*2.54 -> 36.576 | G100: 0.1 | H100: 2EA
A101: V03 | B101: 40729 | C101: 0.64652778 | E101: 180 | F101: =1.2*12*2.54 -> 36.576 | G101: 0.11 | H101: 2EA
A102: V03 | B102: 40729 | C102: 0.64652778 | E102: 200 | F102: =1*12*2.54 -> 30.48 | G102: 0.11 | H102: 2EA
A103: V03 | B103: 40729 | C103: 0.64652778 | E103: 220 | F103: =0.6*12*2.54 -> 18.288 | G103: 0.07 | H103: 2EA
...

Sheet Sheet1
